,date,origin,close(t),close(t+1)
0,2019-07-03,303.11823,303.60574,296.8159
1,2019-07-04,284.41977,309.0245,303.19293
2,2019-07-05,287.9779,304.57602,299.69812
3,2019-07-06,287.50458,303.37424,295.83423
4,2019-07-07,305.76273,296.1021,288.6077
5,2019-07-08,313.15598,302.83432,298.63333
6,2019-07-09,308.67667,306.62286,302.22647
7,2019-07-10,290.08618,317.9891,312.7358
8,2019-07-11,268.4092,313.738,304.40915
9,2019-07-12,276.2384,303.5982,296.86972
10,2019-07-13,269.60242,291.52728,281.73386
11,2019-07-14,228.20757,282.91895,278.21405
12,2019-07-15,230.04637,263.60962,260.8712
13,2019-07-16,199.5116,246.08287,233.62541
14,2019-07-17,211.51329,228.89185,221.52927
15,2019-07-18,226.54417,227.94287,219.25896
16,2019-07-19,221.22961,224.59973,220.5597
17,2019-07-20,228.96492,230.5144,227.11589
18,2019-07-21,225.70107,236.38066,230.23506
19,2019-07-22,217.56328,232.25272,228.00081
20,2019-07-23,212.78444,227.52998,222.85712
21,2019-07-24,217.16759,219.29228,211.571
22,2019-07-25,219.68953,221.90729,216.3642
23,2019-07-26,219.69872,222.81006,217.74521
24,2019-07-27,207.23112,224.63716,220.45917
25,2019-07-28,211.0039,220.08832,211.97768
26,2019-07-29,211.22528,220.32828,214.83395
27,2019-07-30,210.45552,209.99057,207.2176
28,2019-07-31,218.65414,208.96384,201.91988
29,2019-08-01,217.80844,220.41846,215.13464
30,2019-08-02,217.87157,222.72824,219.44304
31,2019-08-03,222.49034,224.89842,217.79263
32,2019-08-04,222.66972,230.24516,225.07344
33,2019-08-05,234.21503,226.99533,222.08794
34,2019-08-06,226.02065,230.05168,228.33101
35,2019-08-07,226.391,225.99747,218.37395
36,2019-08-08,220.94186,239.91377,233.94841
37,2019-08-09,210.4889,232.96417,229.0107
38,2019-08-10,206.73354,225.33469,218.6764
39,2019-08-11,216.09286,220.16269,213.57706
40,2019-08-12,211.28807,217.75264,212.55121
41,2019-08-13,208.60399,213.71858,210.56772
42,2019-08-14,186.6835,212.94876,206.56918
43,2019-08-15,188.64426,205.89928,200.7931
44,2019-08-16,185.53166,201.58081,193.41463
45,2019-08-17,185.8411,196.53679,190.71683
46,2019-08-18,194.55603,195.663,189.61604
47,2019-08-19,202.81314,195.97278,192.26237
48,2019-08-20,196.62169,196.34749,193.05118
49,2019-08-21,186.94124,200.18051,195.62201
50,2019-08-22,191.10687,200.63768,193.54135
51,2019-08-23,194.67163,201.40424,195.96194
52,2019-08-24,191.23479,197.4541,193.14761
53,2019-08-25,186.73555,198.29347,192.36157
54,2019-08-26,188.95006,195.67963,190.9976
55,2019-08-27,187.4955,190.72357,186.35335
56,2019-08-28,173.9587,188.79913,182.47238
57,2019-08-29,169.48929,188.68681,184.41307
58,2019-08-30,168.8879,181.6356,174.99533
59,2019-08-31,172.4584,177.70795,172.22821
60,2019-09-01,171.6976,178.31659,173.9517
61,2019-09-02,178.35776,177.9175,171.3888
62,2019-09-03,179.49199,182.87054,181.08548
63,2019-09-04,175.96628,178.825,174.14642
64,2019-09-05,174.17223,184.23846,178.15225
65,2019-09-06,169.95528,185.85837,180.93729
66,2019-09-07,178.2826,179.36134,174.94554
67,2019-09-08,181.36249,180.50436,175.05052
68,2019-09-09,181.21284,182.83868,178.43895
69,2019-09-10,179.8395,187.11636,183.74883
70,2019-09-11,178.80377,185.12628,178.9385
71,2019-09-12,180.97559,186.68547,182.8633
72,2019-09-13,181.32158,183.92073,177.88211
73,2019-09-14,188.06844,186.81195,183.24416
74,2019-09-15,189.68933,187.89775,180.99275
75,2019-09-16,197.11476,192.05324,189.55878
76,2019-09-17,208.0506,193.19481,189.33699
77,2019-09-18,211.24724,203.35976,197.68192
78,2019-09-19,221.06963,216.09877,212.46196
79,2019-09-20,217.89738,225.25327,219.6307
80,2019-09-21,215.48656,226.45232,223.12894
81,2019-09-22,211.71321,224.59666,217.27457
82,2019-09-23,201.84209,219.47708,215.29959
83,2019-09-24,168.13358,207.8723,203.23494
84,2019-09-25,170.75691,191.51788,184.36804
85,2019-09-26,166.6517,188.29604,177.8579
86,2019-09-27,174.68083,180.03389,175.57777
87,2019-09-28,174.61275,181.22061,175.84181
88,2019-09-29,170.46135,181.10352,177.12329
89,2019-09-30,180.20912,179.68478,174.94252
90,2019-10-01,177.22406,180.16711,177.4199
91,2019-10-02,180.7037,178.02435,171.39845
92,2019-10-03,175.23843,187.4354,182.51237
93,2019-10-04,176.94632,181.02151,175.85393
94,2019-10-05,176.36438,177.36824,172.31187
95,2019-10-06,172.94034,171.8216,164.22783
96,2019-10-07,181.11336,172.49872,167.37752
97,2019-10-08,182.0363,171.20547,166.25018
98,2019-10-09,193.19107,175.2638,170.26259
99,2019-10-10,191.84682,190.11465,185.01811
100,2019-10-11,182.6043,193.87483,189.36855
101,2019-10-12,181.05644,194.49745,189.90234
102,2019-10-13,182.0835,188.13371,181.20978
103,2019-10-14,186.87259,183.86696,176.36398
104,2019-10-15,181.47192,184.07353,183.63887
105,2019-10-16,176.3628,176.03821,167.6157
106,2019-10-17,178.07143,187.51425,183.47974
107,2019-10-18,173.54172,179.98703,173.35422
108,2019-10-19,172.86082,178.48256,174.97769
109,2019-10-20,175.41005,173.7711,165.00246
110,2019-10-21,174.85236,176.45955,173.72449
111,2019-10-22,172.30353,168.3781,162.70561
112,2019-10-23,162.14342,173.9657,168.28894
113,2019-10-24,162.21762,171.064,167.46294
114,2019-10-25,181.33765,168.7348,160.9862
115,2019-10-26,179.91788,178.964,174.23814
116,2019-10-27,184.53072,182.72275,181.0618
117,2019-10-28,183.12082,188.495,181.58362
118,2019-10-29,190.25018,190.4059,190.41902
119,2019-10-30,184.74472,189.16463,180.88782
120,2019-10-31,183.87727,196.29366,192.88637
121,2019-11-01,184.00412,193.22098,187.8558
122,2019-11-02,183.8837,189.3739,183.79822
123,2019-11-03,182.35986,187.6179,181.2379
124,2019-11-04,186.30211,184.60008,180.45555
125,2019-11-05,189.64699,180.56503,176.29408
126,2019-11-06,191.60167,185.78885,179.95026
127,2019-11-07,188.06381,195.09927,188.90526
128,2019-11-08,184.34229,196.37813,192.28375
129,2019-11-09,184.99586,189.6329,185.12663
130,2019-11-10,189.50601,184.59483,175.61897
131,2019-11-11,185.4672,187.84232,182.24748
132,2019-11-12,186.80667,179.29884,175.51913
133,2019-11-13,188.27074,180.47049,173.89159
134,2019-11-14,186.03088,187.9931,181.31383
135,2019-11-15,180.48143,190.93748,186.05936
136,2019-11-16,183.34543,185.74052,181.53824
137,2019-11-17,185.07645,181.64656,172.30481
138,2019-11-18,180.59071,184.65454,179.21115
139,2019-11-19,177.40996,175.75708,172.46886
140,2019-11-20,175.72577,173.30667,165.47786
141,2019-11-21,161.46864,179.97572,174.08026
142,2019-11-22,150.41725,173.33298,169.42017
143,2019-11-23,153.37021,164.29526,157.62996
144,2019-11-24,143.64622,161.30989,152.2334
145,2019-11-25,146.48439,156.89119,153.83284
146,2019-11-26,149.0211,148.76807,146.2314
147,2019-11-27,153.10252,145.11154,136.39084
148,2019-11-28,151.61906,158.82655,157.92943
149,2019-11-29,155.2386,153.75456,148.06009
150,2019-11-30,152.51814,160.80196,155.1451
151,2019-12-01,151.21881,158.56491,154.85463
152,2019-12-02,149.09636,153.14064,145.283
153,2019-12-03,148.04694,150.81998,149.89355
154,2019-12-04,146.72655,142.14462,133.917
155,2019-12-05,149.29013,151.6186,147.79712
156,2019-12-06,149.06563,148.53685,143.16664
157,2019-12-07,148.7743,149.90173,145.47151
158,2019-12-08,151.32535,149.14714,140.30449
159,2019-12-09,148.28604,149.08078,138.77881
160,2019-12-10,146.19478,137.89313,135.81792
161,2019-12-11,143.62479,129.36456,122.74287
162,2019-12-12,145.57103,143.55574,134.92064
163,2019-12-13,144.93135,147.03716,144.26865
164,2019-12-14,142.865,137.82474,131.41801
165,2019-12-15,143.08769,141.84157,134.12938
166,2019-12-16,133.73685,139.03908,130.00821
167,2019-12-17,121.87711,129.38231,128.08669
168,2019-12-18,132.88968,118.771645,111.41859
169,2019-12-19,129.33965,134.6433,127.89308
170,2019-12-20,129.11742,136.5305,133.28372
171,2019-12-21,128.10477,139.45512,132.72508
172,2019-12-22,132.43803,136.31099,130.75334
173,2019-12-23,128.60715,129.3568,123.57766
174,2019-12-24,128.95319,121.385765,119.95494
175,2019-12-25,126.65514,121.53564,112.86527
176,2019-12-26,126.39628,131.66646,128.83781
177,2019-12-27,127.299774,126.25636,119.68652
178,2019-12-28,128.3316,128.06642,124.0537
179,2019-12-29,134.68619,125.226524,118.75189
180,2019-12-30,132.68065,129.76457,125.07948
181,2019-12-31,129.62048,127.43975,124.25048
182,2020-01-01,130.6565,129.57037,124.262825
183,2020-01-02,127.42472,131.47931,119.03277
184,2020-01-03,134.15755,132.08208,133.31995
185,2020-01-04,135.08441,115.49843,110.116516
186,2020-01-05,136.24492,130.02998,123.11881
187,2020-01-06,144.17787,138.43883,133.1718
188,2020-01-07,143.70085,136.75366,134.93935
189,2020-01-08,141.39789,135.26384,129.1395
190,2020-01-09,138.9451,146.22064,142.967
191,2020-01-10,143.96378,142.5182,135.73607
192,2020-01-11,142.96243,146.13806,142.08046
193,2020-01-12,145.72357,142.38774,138.18665
194,2020-01-13,144.40738,144.25824,137.63083
195,2020-01-14,165.95535,144.79669,142.31696
196,2020-01-15,166.23068,151.14357,146.57162
197,2020-01-16,164.391,162.30905,158.23181
198,2020-01-17,170.77995,173.97794,169.33197
199,2020-01-18,175.36568,174.6839,170.1112
200,2020-01-19,166.96985,175.67972,172.03574
201,2020-01-20,167.12051,174.05592,168.07677
202,2020-01-21,169.69716,173.76749,167.79248
203,2020-01-22,168.29416,166.455,160.6369
204,2020-01-23,162.92856,164.50711,158.3604
205,2020-01-24,163.05118,161.68639,156.53233
206,2020-01-25,161.28394,159.5916,154.04256
207,2020-01-26,168.0771,157.2359,140.71355
208,2020-01-27,170.9309,164.50658,158.27856
209,2020-01-28,176.37032,138.16118,133.79633
210,2020-01-29,175.05034,155.47565,148.76794
211,2020-01-30,184.69048,171.69817,166.75798
212,2020-01-31,180.16017,179.23013,174.0312
213,2020-02-01,183.67395,181.55235,178.07372
214,2020-02-02,188.61754,185.28807,176.91576
215,2020-02-03,189.86507,189.8189,186.20372
216,2020-02-04,189.2506,185.52376,181.2138
217,2020-02-05,204.23024,188.09499,182.81926
218,2020-02-06,212.33908,198.0954,192.5226
219,2020-02-07,222.6469,207.84831,205.42917
220,2020-02-08,223.42091,219.91338,214.55667
221,2020-02-09,228.58156,228.02803,222.71698
222,2020-02-10,223.60352,233.3706,230.05261
223,2020-02-11,235.90295,227.3466,223.16066
224,2020-02-12,265.06174,233.24342,225.84644
225,2020-02-13,267.8697,252.48369,250.68365
226,2020-02-14,284.70392,262.54672,258.29126
227,2020-02-15,264.34064,286.24573,280.8304
228,2020-02-16,260.91852,281.15054,277.94458
229,2020-02-17,266.6192,277.11255,269.1512
230,2020-02-18,281.72488,272.27887,266.96347
231,2020-02-19,260.67487,277.44153,271.3535
232,2020-02-20,258.38824,279.13635,275.5928
233,2020-02-21,265.63394,278.20862,271.3077
234,2020-02-22,262.13666,271.13684,263.6972
235,2020-02-23,273.45584,270.21094,263.87732
236,2020-02-24,265.08926,273.4318,270.2336
237,2020-02-25,248.66682,263.38922,258.1405
238,2020-02-26,226.04892,264.5361,256.82407
239,2020-02-27,225.61446,252.7564,245.73657
240,2020-02-28,227.06836,243.75423,234.3385
241,2020-02-29,220.13867,238.58876,232.70753
242,2020-03-01,218.76982,234.50696,228.6492
243,2020-03-02,230.5109,228.8997,225.10632
244,2020-03-03,224.54684,226.72656,220.3293
245,2020-03-04,224.2924,230.445,224.65071
246,2020-03-05,228.72993,235.5875,230.27213
247,2020-03-06,243.23027,232.73102,228.33392
248,2020-03-07,237.71051,237.63525,232.69193
249,2020-03-08,201.81252,242.31583,236.92952
250,2020-03-09,201.19412,231.62556,228.36717
251,2020-03-10,200.97662,216.88387,206.6088
252,2020-03-11,194.81381,210.54924,202.46826
253,2020-03-12,111.21071,210.57175,206.36073
254,2020-03-13,132.93297,174.84375,169.9153
255,2020-03-14,123.41437,160.84445,144.6998
256,2020-03-15,125.219444,140.04517,135.02263
257,2020-03-16,110.588264,141.34303,136.8046
258,2020-03-17,114.150276,128.81471,125.09839
259,2020-03-18,114.52852,127.231476,119.70533
260,2020-03-19,136.7856,125.19892,122.14739
261,2020-03-20,132.07716,134.54936,131.182
262,2020-03-21,132.58694,137.09013,134.67377
263,2020-03-22,123.307076,145.26225,138.58379
264,2020-03-23,134.59106,138.37189,135.84209
265,2020-03-24,138.76807,135.39215,130.79263
266,2020-03-25,136.09152,138.42932,134.71672
267,2020-03-26,138.37741,145.20854,139.69395
268,2020-03-27,134.05296,149.02931,145.31827
269,2020-03-28,131.01617,143.461,138.96596
270,2020-03-29,125.72726,140.46227,136.3367
271,2020-03-30,133.05522,134.16527,127.090385
272,2020-03-31,133.75659,134.95139,132.11606
273,2020-04-01,135.00095,130.84714,126.81727
274,2020-04-02,141.642,137.04626,131.0154
275,2020-04-03,141.95737,143.11136,141.04564
276,2020-04-04,145.3773,141.86087,137.1048
277,2020-04-05,143.62866,149.9859,143.56207
278,2020-04-06,168.81917,148.59607,144.1741
279,2020-04-07,165.28595,153.05301,152.09482
280,2020-04-08,172.69658,155.80841,150.99019
281,2020-04-09,170.86273,178.28307,172.6401
282,2020-04-10,158.33861,178.42372,174.99095
283,2020-04-11,157.99564,172.1916,169.1839
284,2020-04-12,161.25984,165.21935,154.55403
285,2020-04-13,156.32344,167.38365,165.14609
286,2020-04-14,157.46124,154.81178,151.88187
287,2020-04-15,153.27339,157.15538,148.65082
288,2020-04-16,172.04018,161.97557,158.26764
289,2020-04-17,171.56558,165.5173,161.78244
290,2020-04-18,186.7512,168.80394,163.32501
291,2020-04-19,181.52716,187.44551,183.96785
292,2020-04-20,171.94556,184.53363,180.55421
293,2020-04-21,172.60153,185.31293,181.6001
294,2020-04-22,182.57889,180.11177,172.06259
295,2020-04-23,184.94954,186.03331,181.5132
296,2020-04-24,189.3061,188.36557,185.01436
297,2020-04-25,195.45316,193.77795,189.63737
298,2020-04-26,197.3279,198.49405,191.55013
299,2020-04-27,197.25049,203.66704,201.24876
300,2020-04-28,198.41539,199.88968,196.33093
301,2020-04-29,216.96823,199.98538,192.62373
302,2020-04-30,207.40822,213.50546,211.86993
303,2020-05-01,214.06807,211.1398,206.14384
304,2020-05-02,215.34064,224.00948,216.33516
305,2020-05-03,210.98323,223.10938,219.44495
306,2020-05-04,208.29092,216.1263,211.2852
307,2020-05-05,206.6558,212.40051,207.17479
308,2020-05-06,204.04088,210.39438,203.71434
309,2020-05-07,212.82422,212.9328,208.31613
310,2020-05-08,213.0782,215.73155,209.91881
311,2020-05-09,211.49734,220.70938,214.88194
312,2020-05-10,188.59956,223.32579,218.06432
313,2020-05-11,185.79298,211.27954,208.4608
314,2020-05-12,189.271,199.89546,189.68552
315,2020-05-13,199.24162,199.45177,194.91028
316,2020-05-14,203.04276,201.63336,197.28712
317,2020-05-15,195.5811,207.19684,203.18915
318,2020-05-16,200.72131,208.32141,203.755
319,2020-05-17,207.15198,208.40988,201.74452
320,2020-05-18,214.4829,207.88884,204.53394
321,2020-05-19,213.42421,210.17215,206.53542
322,2020-05-20,210.0084,214.43295,208.21132
323,2020-05-21,199.8697,220.07742,215.67836
324,2020-05-22,207.1953,212.1203,206.81682
325,2020-05-23,208.87738,212.52975,205.65291
326,2020-05-24,202.60106,213.28116,208.9011
327,2020-05-25,205.39249,212.45679,206.69289
328,2020-05-26,201.82402,211.10881,206.61818
329,2020-05-27,208.82404,205.21718,199.56232
330,2020-05-28,219.62985,209.82866,203.24892
331,2020-05-29,220.79196,217.34349,214.52614
332,2020-05-30,242.3036,221.44498,217.00006
333,2020-05-31,230.92601,238.93115,233.45345
334,2020-06-01,246.95775,241.52574,238.71117
335,2020-06-02,237.23215,251.91188,245.45474
336,2020-06-03,244.01125,247.60817,244.6143
337,2020-06-04,244.40546,251.41832,242.57695
338,2020-06-05,241.2528,253.61943,251.4442
339,2020-06-06,241.79008,247.82298,242.7387
340,2020-06-07,245.01656,246.57497,237.80618
341,2020-06-08,246.41185,248.51895,245.8201
342,2020-06-09,244.76283,239.75359,234.23457
343,2020-06-10,247.38771,245.67702,239.15614
344,2020-06-11,231.84618,251.74527,246.4377
345,2020-06-12,237.43364,246.95984,241.71848
346,2020-06-13,239.01312,247.1612,238.73053
347,2020-06-14,234.1147,243.80183,237.197
348,2020-06-15,230.15495,240.04951,236.67232
349,2020-06-16,234.5432,229.31102,224.50801
350,2020-06-17,233.08763,232.68465,223.13261
351,2020-06-18,232.01184,242.80986,239.24414
352,2020-06-19,227.11305,239.35385,234.0046
353,2020-06-20,229.14006,236.63509,230.82759
354,2020-06-21,228.85233,235.70752,227.80214
355,2020-06-22,242.46997,235.08134,232.95026
356,2020-06-23,244.12608,234.88243,228.90915
357,2020-06-24,235.55066,244.77968,239.45384
358,2020-06-25,233.16429,251.7329,247.2155
359,2020-06-26,229.73964,249.4224,241.91232
360,2020-06-27,223.04778,247.35927,240.6742
361,2020-06-28,225.5561,242.2972,237.27013
362,2020-06-29,228.32176,236.11514,230.35207
363,2020-06-30,226.33319,231.72682,228.06027
364,2020-07-01,231.09688,229.74207,224.79819
365,2020-07-02,229.3922,234.57814,228.24829
366,2020-07-03,225.38707,236.97023,232.47781
367,2020-07-04,228.7657,235.57994,230.09247
368,2020-07-05,227.81902,234.23251,227.24875
369,2020-07-06,241.59113,232.12053,227.14732
370,2020-07-07,238.96628,234.47993,231.70744
371,2020-07-08,246.6625,235.21298,228.69861
372,2020-07-09,243.3521,253.31255,248.2677
373,2020-07-10,240.98499,253.43124,247.7551
374,2020-07-11,239.45818,255.95343,250.84381
375,2020-07-12,242.1317,249.97943,242.478
376,2020-07-13,239.60458,248.86003,245.93297
377,2020-07-14,240.21149,240.42848,236.1497
378,2020-07-15,238.42352,244.29506,236.65984
379,2020-07-16,233.8959,250.13553,243.68958
380,2020-07-17,232.78009,249.11957,245.22939
381,2020-07-18,235.47272,242.87483,236.33768
382,2020-07-19,238.55125,242.74991,236.94203
383,2020-07-20,236.45335,242.77814,239.26836
384,2020-07-21,245.0949,240.28827,235.07822
385,2020-07-22,262.19064,247.30453,240.91399
386,2020-07-23,274.4658,259.75894,255.61969
387,2020-07-24,279.05576,273.56903,269.90866
388,2020-07-25,304.05676,286.51547,280.83588
389,2020-07-26,309.42313,305.28564,301.05774
390,2020-07-27,322.2508,313.68066,310.64825
391,2020-07-28,316.4627,330.23413,324.22424
392,2020-07-29,317.9591,333.1255,327.25842
393,2020-07-30,334.79337,339.02432,332.1717
394,2020-07-31,345.90445,341.58047,335.62704
395,2020-08-01,385.12357,350.56992,345.64508
396,2020-08-02,370.26913,375.8201,370.48297
397,2020-08-03,386.7808,383.8082,381.90784
398,2020-08-04,389.65445,400.23178,391.50824
399,2020-08-05,401.77982,402.16516,396.7119
400,2020-08-06,395.1358,411.6247,405.016
401,2020-08-07,379.64432,413.51776,408.3033
402,2020-08-08,391.61676,407.04858,399.42953
403,2020-08-09,390.43512,405.17764,395.82755
404,2020-08-10,395.82056,403.3496,399.63092
405,2020-08-11,380.36926,405.53833,398.40067
406,2020-08-12,391.31232,400.94113,392.70474
407,2020-08-13,429.91266,408.7831,400.30298
408,2020-08-14,437.1478,422.75534,416.46317
409,2020-08-15,433.248,442.40558,439.67047
410,2020-08-16,434.03577,454.35217,447.12668
411,2020-08-17,430.00186,456.38135,450.03506
412,2020-08-18,423.93457,450.5998,443.61548
413,2020-08-19,406.63425,447.2919,438.1651
414,2020-08-20,416.64917,440.3178,431.2024
415,2020-08-21,388.67612,436.5327,426.9068
416,2020-08-22,396.1058,420.90207,414.44794
417,2020-08-23,391.73453,418.80106,408.40186
418,2020-08-24,408.2191,408.70743,402.87177
419,2020-08-25,384.51764,415.06033,410.03702
420,2020-08-26,386.53348,404.3748,396.65872
421,2020-08-27,382.4936,411.2826,401.60345
422,2020-08-28,395.70724,400.87616,394.1735
423,2020-08-29,400.27194,406.83417,400.36224
424,2020-08-30,428.1049,409.5967,402.9227
425,2020-08-31,435.56747,429.63638,424.13196
426,2020-09-01,478.08685,442.162,437.08322
427,2020-09-02,440.43945,474.8498,467.31717
428,2020-09-03,386.37012,474.40805,470.5348
429,2020-09-04,388.24115,458.22815,444.64563
430,2020-09-05,335.26007,430.8569,416.52448
431,2020-09-06,353.36227,386.64053,377.7321
432,2020-09-07,352.6735,380.83002,367.5241
433,2020-09-08,337.6021,365.26016,361.6225
434,2020-09-09,351.11002,366.0352,359.503
435,2020-09-10,368.1019,368.51715,360.25662
436,2020-09-11,374.6956,373.4706,368.3265
437,2020-09-12,387.1831,386.71515,380.4414
438,2020-09-13,365.57,398.6459,392.58603
439,2020-09-14,377.26886,394.426,388.86697
440,2020-09-15,364.83923,397.05322,387.80093
441,2020-09-16,365.8123,387.96036,381.54813
442,2020-09-17,389.01923,390.4022,382.63458
443,2020-09-18,384.36453,396.7641,389.78076
444,2020-09-19,385.54437,401.16678,395.88925
445,2020-09-20,371.05283,407.98145,399.7877
446,2020-09-21,341.78607,400.29495,394.6384
447,2020-09-22,344.50317,382.85522,374.3185
448,2020-09-23,320.58554,371.2853,360.27017
449,2020-09-24,349.35666,353.65637,347.52844
450,2020-09-25,352.16187,359.30118,349.77936
451,2020-09-26,354.96527,360.07706,356.9384
452,2020-09-27,357.3217,370.00403,363.79938
453,2020-09-28,354.9505,371.00024,365.6457
454,2020-09-29,359.9634,371.4092,364.86606
455,2020-09-30,360.02237,374.13397,366.85135
456,2020-10-01,353.2313,377.6196,370.27905
457,2020-10-02,346.2389,375.13998,368.39545
458,2020-10-03,346.5221,370.72824,363.10617
459,2020-10-04,352.57245,365.74344,358.3306
460,2020-10-05,353.9543,364.53842,359.94437
461,2020-10-06,340.8157,362.89954,357.68942
462,2020-10-07,341.80865,358.73132,350.98108
463,2020-10-08,350.76614,360.32568,352.54074
464,2020-10-09,365.5905,360.41168,353.3057
465,2020-10-10,370.9676,371.80432,366.97986
466,2020-10-11,375.14206,380.47714,375.12006
467,2020-10-12,387.73126,388.01077,382.54556
468,2020-10-13,381.19144,396.13187,390.42154
469,2020-10-14,379.48416,395.1845,388.29678
470,2020-10-15,377.44183,401.708,394.00204
471,2020-10-16,366.229,395.66992,387.43103
472,2020-10-17,368.83813,391.39798,385.5211
473,2020-10-18,378.21616,385.43594,376.35468
474,2020-10-19,379.9362,386.54065,382.29538
475,2020-10-20,369.13736,385.0563,380.26596
476,2020-10-21,392.189,384.09567,375.6469
477,2020-10-22,413.7737,399.8847,392.09818
478,2020-10-23,409.3685,412.0864,406.38605
479,2020-10-24,412.6791,426.97617,420.98657
480,2020-10-25,406.1567,431.76804,424.2013
481,2020-10-26,393.6671,425.1739,419.65656
482,2020-10-27,403.37387,416.73578,410.8415
483,2020-10-28,388.92258,413.8069,402.10287
484,2020-10-29,386.69656,413.03333,407.68
485,2020-10-30,383.44586,409.9248,400.19803
486,2020-10-31,386.51852,404.48596,398.88947
487,2020-11-01,395.21295,400.62775,392.1013
488,2020-11-02,384.00696,405.9413,400.6468
489,2020-11-03,387.06296,401.6897,397.23004
490,2020-11-04,401.7474,401.19388,390.12973
491,2020-11-05,413.99225,411.42175,405.4152
492,2020-11-06,454.46756,421.81323,415.81085
493,2020-11-07,436.07324,448.91162,442.6772
494,2020-11-08,453.64224,456.2556,452.68344
495,2020-11-09,444.69006,471.3788,461.71283
496,2020-11-10,449.57678,464.77658,462.31577
497,2020-11-11,462.45734,465.0201,454.04156
498,2020-11-12,460.75095,474.43524,467.81094
499,2020-11-13,474.50888,479.3297,471.96243
500,2020-11-14,460.5442,489.94,480.85095
501,2020-11-15,447.88828,485.93857,479.8962
502,2020-11-16,460.0365,479.28058,471.62204
503,2020-11-17,481.03345,474.0025,465.766
504,2020-11-18,479.59082,481.24118,473.33716
505,2020-11-19,471.2367,495.24976,488.04227
506,2020-11-20,509.75778,500.27374,491.8873
507,2020-11-21,549.92706,515.0987,506.96967
508,2020-11-22,564.0637,536.3122,531.8525
509,2020-11-23,607.33826,570.0765,565.21893
510,2020-11-24,602.5805,607.7552,601.2406
511,2020-11-25,572.1228,623.93835,616.613
512,2020-11-26,518.03284,620.5894,609.33563
513,2020-11-27,516.5955,588.50464,575.8017
514,2020-11-28,537.83435,560.2348,543.56134
515,2020-11-29,574.22473,553.38666,545.4296
516,2020-11-30,615.24054,570.4728,567.0197
517,2020-12-01,589.9958,601.51495,595.8832
518,2020-12-02,598.53516,613.86975,606.047
519,2020-12-03,616.9076,630.12,617.1811
520,2020-12-04,571.5776,633.6066,626.66095
521,2020-12-05,595.87,618.275,610.43866
522,2020-12-06,601.9153,621.652,606.7092
523,2020-12-07,592.3523,612.8111,607.5638
524,2020-12-08,554.70013,617.0936,609.0774
525,2020-12-09,573.68823,599.0631,585.82294
526,2020-12-10,560.70575,602.65845,589.18384
527,2020-12-11,546.4148,588.4181,580.22156
528,2020-12-12,568.19244,587.89734,576.9838
529,2020-12-13,589.9266,587.285,576.36035
530,2020-12-14,585.604,595.76624,590.9483
531,2020-12-15,589.3963,603.3731,596.36456
532,2020-12-16,636.4592,610.4379,599.35156
533,2020-12-17,644.2332,634.2449,624.2944
534,2020-12-18,653.61237,652.8835,646.9113
535,2020-12-19,659.1406,676.4026,665.91003
536,2020-12-20,640.1531,687.5969,679.0741
537,2020-12-21,611.2448,677.95496,668.57196
538,2020-12-22,634.1761,666.4223,655.1678
539,2020-12-23,587.07227,655.5917,639.7322
540,2020-12-24,612.8246,636.90625,628.76447
541,2020-12-25,626.7206,642.4442,627.7456
542,2020-12-26,635.8586,635.84753,629.062
543,2020-12-27,686.305,652.7979,646.585
544,2020-12-28,731.9248,680.6731,671.4351
545,2020-12-29,733.73694,718.29456,711.59045
546,2020-12-30,752.37585,753.04236,745.5836
547,2020-12-31,737.92224,776.47876,764.5675
548,2021-01-01,730.0238,777.94183,768.4421
549,2021-01-02,775.75226,776.6068,763.8601
550,2021-01-03,988.23926,789.615,777.11206
551,2021-01-04,1042.8033,896.4263,889.39575
552,2021-01-05,1102.0078,984.0758,991.34247
553,2021-01-06,1203.0682,1110.9823,1096.6154
554,2021-01-07,1220.565,1185.269,1175.6177
555,2021-01-08,1218.5483,1251.3812,1238.4795
556,2021-01-09,1286.1177,1288.2311,1267.626
557,2021-01-10,1266.8322,1330.9331,1305.081
558,2021-01-11,1089.9701,1335.6736,1320.3794
559,2021-01-12,1042.169,1265.7976,1235.4204
560,2021-01-13,1129.0406,1194.43,1147.5068
561,2021-01-14,1219.5607,1155.4843,1134.1443
562,2021-01-15,1168.469,1203.8296,1191.9015
563,2021-01-16,1234.7931,1231.8319,1219.079
564,2021-01-17,1229.5533,1282.3367,1257.6401
565,2021-01-18,1257.405,1283.4644,1270.1943
566,2021-01-19,1377.2303,1313.4548,1290.1947
567,2021-01-20,1383.3646,1385.8333,1359.3048
568,2021-01-21,1121.3195,1409.9888,1395.2157
569,2021-01-22,1236.291,1352.894,1318.6643
570,2021-01-23,1230.5934,1329.2949,1278.6338
571,2021-01-24,1392.035,1271.1655,1259.7114
572,2021-01-25,1324.501,1375.524,1354.6432
573,2021-01-26,1354.4115,1385.541,1375.0826
574,2021-01-27,1253.264,1442.8533,1407.6761
575,2021-01-28,1333.4434,1383.3314,1358.1029
576,2021-01-29,1382.713,1408.4794,1368.6239
577,2021-01-30,1375.7123,1413.9813,1397.3527
578,2021-01-31,1314.9476,1453.3187,1427.7535
579,2021-02-01,1368.2269,1438.8387,1410.9961
580,2021-02-02,1516.0688,1441.6737,1406.5371
581,2021-02-03,1660.6483,1504.8252,1482.7053
582,2021-02-04,1594.8502,1619.3986,1604.3627
583,2021-02-05,1717.6853,1693.6265,1670.5985
584,2021-02-06,1678.0432,1773.9684,1730.7949
585,2021-02-07,1614.0186,1776.1425,1748.0482
586,2021-02-08,1744.296,1767.5876,1725.3142
587,2021-02-09,1765.7412,1796.9828,1747.9172
588,2021-02-10,1741.37,1810.9618,1784.7734
589,2021-02-11,1783.3497,1856.6208,1818.8577
590,2021-02-12,1843.2394,1882.1364,1836.9242
591,2021-02-13,1813.6469,1914.1996,1875.0105
592,2021-02-14,1808.1465,1924.9872,1888.07
593,2021-02-15,1777.9039,1941.5157,1893.7241
594,2021-02-16,1781.0239,1915.8364,1868.0659
595,2021-02-17,1842.2162,1904.5527,1852.061
596,2021-02-18,1937.2567,1923.5087,1875.7347
597,2021-02-19,1961.3896,1977.9462,1938.2659
598,2021-02-20,1920.9688,2035.6855,1996.3202
599,2021-02-21,1937.4662,2055.7083,2006.8578
600,2021-02-22,1777.9415,2058.0278,2002.953
601,2021-02-23,1558.8628,1977.9471,1930.1215
602,2021-02-24,1620.5199,1847.8783,1775.2516
603,2021-02-25,1468.7737,1761.6566,1695.4032
604,2021-02-26,1440.6857,1643.6393,1614.6493
605,2021-02-27,1467.3802,1603.3809,1553.1156
606,2021-02-28,1413.903,1561.3352,1518.4397
607,2021-03-01,1567.6946,1525.5233,1498.9999
608,2021-03-02,1491.5552,1589.7908,1550.824
609,2021-03-03,1578.9614,1574.8564,1557.357
610,2021-03-04,1541.3152,1649.9127,1610.178
611,2021-03-05,1533.018,1627.8789,1605.4309
612,2021-03-06,1658.0977,1648.5674,1606.5831
613,2021-03-07,1729.8295,1689.9698,1656.438
614,2021-03-08,1834.6287,1743.2327,1718.5087
615,2021-03-09,1865.2821,1845.4379,1809.3057
616,2021-03-10,1802.5076,1908.5831,1882.139
617,2021-03-11,1823.8344,1937.2151,1896.6296
618,2021-03-12,1767.9674,1951.4666,1899.386
619,2021-03-13,1923.719,1914.8436,1866.3567
620,2021-03-14,1865.0305,1972.9293,1921.3473
621,2021-03-15,1788.7594,1963.5502,1940.8562
622,2021-03-16,1794.6106,1975.1304,1917.7434
623,2021-03-17,1820.0491,1934.0496,1870.112
624,2021-03-18,1782.5133,1920.5914,1876.2603
625,2021-03-19,1815.8453,1907.949,1866.7345
626,2021-03-20,1816.3419,1925.0428,1877.5538
627,2021-03-21,1787.7938,1920.4974,1882.2041
628,2021-03-22,1692.5675,1920.0828,1874.502
629,2021-03-23,1682.1124,1871.2235,1817.2036
630,2021-03-24,1593.4135,1826.1451,1769.9014
631,2021-03-25,1595.3593,1751.3962,1709.226
632,2021-03-26,1702.842,1726.129,1676.7373
633,2021-03-27,1718.6514,1739.6371,1701.4447
634,2021-03-28,1692.1298,1776.619,1755.1755
635,2021-03-29,1821.626,1800.7394,1768.1238
636,2021-03-30,1846.9686,1863.7628,1817.5297
637,2021-03-31,1917.8114,1895.0009,1860.9398
638,2021-04-01,1978.7051,1987.9004,1944.024
639,2021-04-02,2141.9424,2044.8647,2004.6561
640,2021-04-03,2030.511,2158.7568,2111.95
641,2021-04-04,2093.4277,2175.8796,2132.247
642,2021-04-05,2103.0479,2226.4185,2158.8257
643,2021-04-06,2121.296,2218.7346,2165.1345
644,2021-04-07,1977.1763,2238.4307,2175.767
645,2021-04-08,2089.4849,2195.3818,2135.6724
646,2021-04-09,2072.109,2207.306,2133.2605
647,2021-04-10,2135.9421,2178.7837,2130.1401
648,2021-04-11,2157.5752,2230.909,2171.4602
649,2021-04-12,2142.8904,2248.584,2198.1465
650,2021-04-13,2302.3345,2276.2673,2217.4905
651,2021-04-14,2428.9817,2351.982,2281.7961
652,2021-04-15,2517.5168,2452.2405,2396.524
653,2021-04-16,2431.9268,2576.9165,2515.572
654,2021-04-17,2353.86,2610.0862,2534.3604
655,2021-04-18,2231.965,2590.1516,2491.6108
656,2021-04-19,2160.8567,2487.749,2399.155
657,2021-04-20,2326.8452,2404.573,2307.774
658,2021-04-21,2358.585,2408.0132,2335.0923
659,2021-04-22,2410.0024,2439.2158,2382.0925
660,2021-04-23,2363.3818,2523.8132,2447.4644
661,2021-04-24,2209.4546,2517.3567,2440.484
662,2021-04-25,2313.707,2459.865,2379.0278
663,2021-04-26,2536.3374,2435.3193,2357.0527
664,2021-04-27,2660.6426,2516.6008,2448.3413
665,2021-04-28,2745.4402,2643.307,2583.5679
666,2021-04-29,2756.198,2797.3005,2716.3481
667,2021-04-30,2772.801,2873.1992,2782.7246
668,2021-05-01,2944.8804,2914.4597,2812.1086
669,2021-05-02,2952.51,3001.9963,2895.8123
670,2021-05-03,3431.0862,3041.2446,2951.7783
671,2021-05-04,3253.6294,3312.8057,3180.9243
672,2021-05-05,3522.7832,3358.407,3246.5754
673,2021-05-06,3495.3174,3592.3953,3413.022
674,2021-05-07,3487.4897,3601.2305,3453.0884
675,2021-05-08,3903.0955,3659.8381,3475.5535
676,2021-05-09,3932.3591,3818.936,3625.3684
677,2021-05-10,3954.033,3899.788,3737.6006
678,2021-05-11,4172.762,4069.6475,3840.3481
679,2021-05-12,3824.914,4162.021,3921.687
680,2021-05-13,3720.3557,4162.0146,3922.0967
681,2021-05-14,4073.1936,4056.8154,3789.1033
682,2021-05-15,3651.8499,4111.357,3835.8813
683,2021-05-16,3582.3281,3918.7305,3743.4749
684,2021-05-17,3266.3037,3907.3025,3652.8198
685,2021-05-18,3387.1448,3635.8684,3421.541
686,2021-05-19,2478.94,3564.677,3366.583
687,2021-05-20,2762.4114,3151.4602,3006.0896
688,2021-05-21,2420.7957,3111.2188,2889.9243
689,2021-05-22,2304.8958,2721.6401,2628.8196
690,2021-05-23,2116.929,2666.592,2526.5564
691,2021-05-24,2637.3037,2399.14,2312.9019
692,2021-05-25,2685.664,2555.5803,2453.8496
693,2021-05-26,2874.2378,2632.1233,2612.8262
694,2021-05-27,2746.6272,2906.6958,2814.0796
695,2021-05-28,2423.026,2926.7832,2833.2483
696,2021-05-29,2280.4968,2799.5095,2680.3945
697,2021-05-30,2388.5396,2624.3245,2496.1313
698,2021-05-31,2707.952,2523.7566,2436.4255
699,2021-06-01,2627.4067,2632.7627,2567.987
700,2021-06-02,2716.8274,2711.326,2649.7764
701,2021-06-03,2856.5107,2830.392,2724.8303
702,2021-06-04,2693.3398,2897.0325,2808.927
703,2021-06-05,2624.737,2896.2043,2802.8342
704,2021-06-06,2710.1428,2859.1821,2740.0566
705,2021-06-07,2591.9954,2824.9048,2727.5378
706,2021-06-08,2516.799,2775.6633,2690.1682
707,2021-06-09,2606.6711,2755.6575,2631.3499
708,2021-06-10,2472.0757,2744.75,2634.533
709,2021-06-11,2351.552,2676.2048,2598.6064
710,2021-06-12,2373.9285,2614.5718,2517.885
711,2021-06-13,2507.408,2547.5554,2453.3813
712,2021-06-14,2581.267,2563.4783,2495.5112
713,2021-06-15,2550.3003,2637.8027,2563.2173
714,2021-06-16,2362.0164,2684.549,2594.222
715,2021-06-17,2375.1494,2631.378,2538.6243
716,2021-06-18,2228.826,2577.442,2469.5793
717,2021-06-19,2181.3352,2452.4863,2374.2734
718,2021-06-20,2245.3088,2380.4934,2300.36
719,2021-06-21,1888.9695,2356.0078,2293.2307
720,2021-06-22,1874.5844,2194.6892,2123.1858
721,2021-06-23,1969.3654,2132.1396,2020.1554
722,2021-06-24,1986.4103,2037.0015,1985.4071
723,2021-06-25,1815.8552,2070.2466,2032.276
724,2021-06-26,1816.2428,2021.8192,1969.8123
725,2021-06-27,1976.316,1977.4744,1912.4149
726,2021-06-28,2078.1213,1987.3783,1948.4791
727,2021-06-29,2162.8823,2075.4165,2041.6864
728,2021-06-30,2271.5059,2203.711,2154.9875
729,2021-07-01,2112.223,2317.7322,2265.6904
730,2021-07-02,2150.6692,2307.8557,2249.8225
731,2021-07-03,2227.456,2318.6074,2231.6143
732,2021-07-04,2322.0073,2288.8594,2240.4128
733,2021-07-05,2202.8726,2361.558,2318.076
734,2021-07-06,2321.5012,2359.3904,2295.2556
735,2021-07-07,2312.3467,2422.0613,2329.9895
736,2021-07-08,2120.8179,2421.3342,2354.9724
737,2021-07-09,2152.177,2368.4375,2291.5452
738,2021-07-10,2110.6218,2339.04,2246.9426
739,2021-07-11,2139.9116,2252.8472,2202.246
740,2021-07-12,2037.7225,2253.3816,2201.6086
741,2021-07-13,1936.349,2211.4565,2152.3853
742,2021-07-14,1993.0222,2136.4648,2045.4056
743,2021-07-15,1905.2688,2123.299,2058.4866
744,2021-07-16,1881.1948,2060.2505,2012.5916
745,2021-07-17,1899.612,2051.283,1987.8492
746,2021-07-18,1898.4103,2007.3594,1957.2664
747,2021-07-19,1818.9427,1998.1473,1962.1266
748,2021-07-20,1789.0088,1969.6124,1915.8422
749,2021-07-21,1989.6451,1931.669,1867.5619
750,2021-07-22,2023.4403,2000.0924,1949.4628
751,2021-07-23,2126.2407,2045.8588,2020.4952
752,2021-07-24,2188.7383,2168.87,2121.669
753,2021-07-25,2193.846,2227.1938,2186.2207
754,2021-07-26,2239.6182,2266.7354,2223.982
755,2021-07-27,2292.7754,2338.251,2271.1743
756,2021-07-28,2299.3643,2364.1926,2288.7837
757,2021-07-29,2382.5208,2415.0444,2352.7168
758,2021-07-30,2465.7546,2463.7192,2393.5642
759,2021-07-31,2539.9683,2518.7097,2451.2617
760,2021-08-01,2571.617,2605.0918,2535.5916
761,2021-08-02,2608.826,2670.958,2597.0427
762,2021-08-03,2507.501,2730.5476,2644.41
763,2021-08-04,2727.1228,2710.9846,2615.0928
764,2021-08-05,2824.7517,2796.5806,2686.0918
765,2021-08-06,2891.41,2851.7803,2774.9492
766,2021-08-07,3167.5906,2978.5715,2879.6338
767,2021-08-08,3012.4194,3127.8132,3019.1633
768,2021-08-09,3162.2505,3158.1074,3062.5256
769,2021-08-10,3143.079,3280.6199,3130.5962
770,2021-08-11,3164.245,3269.417,3135.3691
771,2021-08-12,3043.4143,3319.1277,3181.1558
772,2021-08-13,3324.1729,3258.8926,3120.2327
773,2021-08-14,3265.4434,3355.0044,3198.2102
774,2021-08-15,3309.153,3338.2764,3226.4421
775,2021-08-16,3156.5095,3443.7573,3291.7756
776,2021-08-17,3014.846,3386.6782,3229.0605
777,2021-08-18,3020.0898,3307.8542,3136.0034
778,2021-08-19,3182.7021,3241.0088,3089.3542
779,2021-08-20,3286.9353,3251.9294,3119.3584
780,2021-08-21,3226.084,3333.4653,3203.6306
781,2021-08-22,3242.1155,3370.0686,3237.994
782,2021-08-23,3319.2573,3394.0164,3250.193
783,2021-08-24,3174.497,3429.404,3265.245
784,2021-08-25,3223.9417,3392.536,3231.8608
785,2021-08-26,3102.063,3412.1152,3243.8281
786,2021-08-27,3265.5903,3325.45,3185.1665
787,2021-08-28,3243.0916,3378.4949,3223.5642
788,2021-08-29,3232.6846,3354.1333,3223.4048
789,2021-08-30,3236.705,3401.3816,3251.5757
790,2021-08-31,3440.2537,3399.6956,3240.7593
791,2021-09-01,3799.9402,3481.7239,3316.236
792,2021-09-02,3792.519,3680.9888,3520.9602
793,2021-09-03,3934.456,3818.469,3657.3054
794,2021-09-04,3887.178,3979.5088,3765.6428
795,2021-09-05,3953.9717,3987.5,3788.228
796,2021-09-06,3929.236,4034.7776,3821.3538
797,2021-09-07,3423.5525,4043.7683,3818.4656
798,2021-09-08,3490.8933,3857.1926,3614.3528
799,2021-09-09,3428.141,3780.9705,3529.081
800,2021-09-10,3212.0996,3611.607,3444.826
801,2021-09-11,3266.2737,3516.144,3333.244
802,2021-09-12,3410.4187,3462.1755,3279.7776
803,2021-09-13,3289.6772,3443.3716,3310.56
804,2021-09-14,3420.8008,3461.9558,3321.252
805,2021-09-15,3597.03,3528.9685,3346.9429
806,2021-09-16,3569.6516,3609.7837,3449.7778
807,2021-09-17,3392.006,3663.258,3497.5515
808,2021-09-18,3429.415,3649.671,3467.302
809,2021-09-19,3328.4226,3601.721,3412.3762
810,2021-09-20,2966.3062,3501.767,3352.3936
811,2021-09-21,2757.158,3357.9365,3182.4731
812,2021-09-22,3077.1956,3142.718,2953.5571
813,2021-09-23,3155.3818,3128.4395,2986.4812
814,2021-09-24,2927.5803,3151.2815,3065.7532
815,2021-09-25,2933.2273,3196.471,3065.3193
816,2021-09-26,3063.2075,3147.7944,3006.4863
817,2021-09-27,2933.2356,3154.8008,3033.088
818,2021-09-28,2805.1738,3119.1042,2992.311
819,2021-09-29,2849.1562,3086.894,2960.302
820,2021-09-30,3000.7021,3032.489,2895.8457
821,2021-10-01,3307.4775,3053.756,2940.621
822,2021-10-02,3394.189,3229.283,3117.0703
823,2021-10-03,3421.442,3387.4448,3273.5317
824,2021-10-04,3377.7092,3510.565,3369.578
825,2021-10-05,3519.6782,3543.8298,3370.3206
826,2021-10-06,3586.89,3599.4253,3411.387
827,2021-10-07,3585.6125,3654.8894,3484.2556
828,2021-10-08,3555.359,3717.3215,3538.1877
829,2021-10-09,3580.5999,3729.754,3539.635
830,2021-10-10,3421.02,3710.2183,3536.6782
831,2021-10-11,3541.641,3651.706,3482.9993
832,2021-10-12,3487.7996,3660.0251,3454.3147
833,2021-10-13,3596.1924,3625.6821,3445.4126
834,2021-10-14,3788.0332,3696.178,3506.2842
835,2021-10-15,3866.0535,3796.1257,3602.9587
836,2021-10-16,3833.3162,3896.415,3702.2063
837,2021-10-17,3856.262,3954.9673,3754.6797
838,2021-10-18,3744.6267,3969.772,3760.1135
839,2021-10-19,3875.596,3928.9138,3712.7861
840,2021-10-20,4160.579,3962.1318,3734.8926
841,2021-10-21,4069.431,4077.2944,3863.1477
842,2021-10-22,3971.5537,4146.8384,3919.7852
843,2021-10-23,4168.8696,4171.036,3913.262
844,2021-10-24,4081.6294,4185.939,3945.7986
845,2021-10-25,4213.816,4149.0283,3938.6821
846,2021-10-26,4139.4214,4253.6855,3990.035
847,2021-10-27,3942.4077,4227.796,3965.366
848,2021-10-28,4284.6924,4201.5474,3927.205
849,2021-10-29,4414.0093,4258.2563,3989.199
850,2021-10-30,4319.337,4341.5166,4102.4272
851,2021-10-31,4291.0947,4394.4575,4128.5137
852,2021-11-01,4328.0977,4411.691,4135.5513
853,2021-11-02,4588.424,4393.8125,4106.1147
854,2021-11-03,4607.2993,4499.175,4200.1826
855,2021-11-04,4537.5825,4575.4985,4283.5903
856,2021-11-05,4487.2783,4618.9272,4303.822
857,2021-11-06,4516.1274,4596.719,4284.5537
858,2021-11-07,4617.665,4563.433,4262.9536
859,2021-11-08,4819.0107,4580.853,4294.5312
860,2021-11-09,4733.0547,4699.8633,4375.66
861,2021-11-10,4628.7056,4737.427,4392.0547
862,2021-11-11,4720.8604,4748.749,4400.883
863,2021-11-12,4669.534,4751.982,4404.1416
864,2021-11-13,4649.321,4713.9854,4385.619
865,2021-11-14,4627.8286,4706.5757,4375.3843
866,2021-11-15,4568.8457,4663.281,4348.1357
867,2021-11-16,4229.624,4661.469,4314.9287
868,2021-11-17,4288.1865,4511.6484,4181.304
869,2021-11-18,3991.284,4452.8647,4140.9736
870,2021-11-19,4296.9067,4246.5225,3982.94
871,2021-11-20,4416.6133,4311.5557,4028.0093
872,2021-11-21,4258.7812,4331.85,4102.283
873,2021-11-22,4091.8352,4403.457,4132.504
874,2021-11-23,4341.073,4341.7607,4043.6921
875,2021-11-24,4274.496,4367.0664,4073.6387
876,2021-11-25,4519.464,4328.0,4074.936
877,2021-11-26,4042.708,4480.754,4188.956
878,2021-11-27,4073.9966,4337.4077,4072.856
879,2021-11-28,4296.8643,4311.5903,4006.0662
880,2021-11-29,4444.0107,4247.3506,4012.871
881,2021-11-30,4627.364,4373.3984,4104.389
882,2021-12-01,4583.7266,4540.3804,4236.7173
883,2021-12-02,4509.0146,4618.4478,4311.0254
884,2021-12-03,4242.7266,4640.1636,4316.139
885,2021-12-04,4089.9084,4494.809,4184.041
886,2021-12-05,4182.6704,4370.156,4053.7163
887,2021-12-06,4347.757,4272.7534,4006.556
888,2021-12-07,4302.704,4331.197,4076.1484
889,2021-12-08,4438.093,4360.295,4091.5425
890,2021-12-09,4149.7744,4446.5127,4166.0938
891,2021-12-10,3909.8086,4355.8237,4088.5967
892,2021-12-11,4086.5442,4253.3315,3963.003
893,2021-12-12,4136.476,4168.3633,3907.403
894,2021-12-13,3787.3528,4136.9526,3931.6594
895,2021-12-14,3864.1326,4079.6738,3834.7075
896,2021-12-15,4012.9253,4045.7217,3744.5525
897,2021-12-16,3964.491,4026.9163,3815.3555
898,2021-12-17,3888.5994,4067.1494,3854.716
899,2021-12-18,3968.1997,4073.7454,3834.4648
900,2021-12-19,3925.3464,4069.8708,3835.6797
901,2021-12-20,3928.2683,4031.6956,3828.4993
902,2021-12-21,4022.5205,4056.2947,3818.0198
903,2021-12-22,3983.055,4083.4937,3826.0027
904,2021-12-23,4107.7764,4088.7676,3861.4778
905,2021-12-24,4050.1475,4162.468,3912.1213
906,2021-12-25,4108.3594,4150.32,3913.5593
907,2021-12-26,4073.4106,4189.6826,3941.7705
908,2021-12-27,4033.672,4151.965,3927.4338
909,2021-12-28,3802.982,4176.2007,3923.6196
910,2021-12-29,3624.8833,4065.0056,3792.28
911,2021-12-30,3714.642,3957.744,3708.3677
912,2021-12-31,3683.858,3884.263,3655.1946
913,2022-01-01,3766.5386,3835.3416,3623.1235
914,2022-01-02,3829.6714,3854.0952,3668.2698
915,2022-01-03,3761.215,3875.4202,3700.0068
916,2022-01-04,3795.7998,3889.554,3684.1338
917,2022-01-05,3552.2915,3921.79,3682.4438
918,2022-01-06,3418.0403,3812.4688,3595.2244
919,2022-01-07,3193.608,3729.7375,3503.95
920,2022-01-08,3093.08,3519.6956,3332.2954
921,2022-01-09,3157.9016,3383.276,3213.336
922,2022-01-10,3082.9292,3303.5479,3169.855
923,2022-01-11,3236.8147,3259.7744,3121.7563
924,2022-01-12,3373.8406,3322.3403,3160.259
925,2022-01-13,3254.0571,3394.675,3266.64
926,2022-01-14,3311.312,3430.1182,3282.6018
927,2022-01-15,3330.3818,3469.9575,3300.8896
928,2022-01-16,3351.6235,3441.97,3304.774
929,2022-01-17,3211.1865,3471.08,3325.1016
930,2022-01-18,3164.269,3423.7737,3258.576
931,2022-01-19,3095.1538,3381.537,3204.4973
932,2022-01-20,3005.991,3312.4414,3157.931
933,2022-01-21,2552.5967,3251.1277,3098.2969
934,2022-01-22,2404.4817,3015.8806,2869.369
935,2022-01-23,2534.7874,2803.5234,2632.8843
936,2022-01-24,2440.4138,2640.4321,2539.9866
937,2022-01-25,2455.416,2581.338,2514.5837
938,2022-01-26,2467.8838,2602.3813,2512.86
939,2022-01-27,2424.217,2595.9065,2518.2834
940,2022-01-28,2547.4087,2578.4604,2496.1216
941,2022-01-29,2596.9602,2627.1028,2542.6577
942,2022-01-30,2605.818,2661.5337,2598.127
943,2022-01-31,2686.2576,2719.771,2640.5615
944,2022-02-01,2796.0222,2782.9229,2686.8933
945,2022-02-02,2679.7266,2849.2383,2757.1921
946,2022-02-03,2665.9087,2857.8535,2769.8616
947,2022-02-04,2981.707,2866.386,2749.8958
948,2022-02-05,3012.3008,2955.3748,2845.3904
949,2022-02-06,3057.371,3033.0535,2963.0632
950,2022-02-07,3148.849,3138.7673,3034.228
951,2022-02-08,3121.9468,3226.7256,3093.5334
952,2022-02-09,3239.0527,3236.2478,3095.4822
953,2022-02-10,3076.5164,3339.8442,3197.1033
954,2022-02-11,2927.2573,3299.096,3161.8071
955,2022-02-12,2912.0115,3223.3267,3060.3396
956,2022-02-13,2886.7234,3123.7507,2988.1538
957,2022-02-14,2933.7288,3040.655,2938.495
958,2022-02-15,3180.6855,3065.3801,2941.461
959,2022-02-16,3130.57,3163.3901,3030.385
960,2022-02-17,2879.7578,3220.4363,3113.5706
961,2022-02-18,2786.1372,3187.0762,3050.4414
962,2022-02-19,2763.9512,3075.8098,2918.6304
963,2022-02-20,2630.56,2935.9087,2827.216
964,2022-02-21,2568.2544,2852.9683,2754.55
965,2022-02-22,2641.0203,2791.7307,2664.0066
966,2022-02-23,2592.799,2762.7634,2655.414
967,2022-02-24,2596.6025,2753.3362,2661.3638
968,2022-02-25,2763.4963,2755.6462,2647.9856
969,2022-02-26,2777.0703,2829.6707,2722.3455
970,2022-02-27,2623.7214,2860.4053,2796.1394
971,2022-02-28,2917.6248,2852.2673,2753.92
972,2022-03-01,2972.56,2946.3547,2816.763
973,2022-03-02,2951.2698,2984.6995,2895.209
974,2022-03-03,2835.7278,3096.2295,2981.7708
975,2022-03-04,2616.9487,3062.5576,2943.5842
976,2022-03-05,2665.4053,2934.5266,2804.2983
977,2022-03-06,2556.794,2846.1157,2728.556
978,2022-03-07,2495.5903,2737.084,2666.031
979,2022-03-08,2576.2524,2712.6477,2601.2468
980,2022-03-09,2728.9417,2694.65,2569.4395
981,2022-03-10,2609.1387,2757.29,2676.7314
982,2022-03-11,2560.7068,2769.0693,2690.3293
983,2022-03-12,2576.8718,2766.7876,2659.4963
984,2022-03-13,2518.3042,2699.1514,2623.404
985,2022-03-14,2588.3635,2663.0337,2586.8596
986,2022-03-15,2618.7908,2677.2852,2564.7068
987,2022-03-16,2771.6501,2711.772,2609.0137
988,2022-03-17,2814.7766,2809.8596,2710.6953
989,2022-03-18,2946.2422,2890.8237,2810.476
990,2022-03-19,2946.2085,3006.4102,2901.175
991,2022-03-20,2859.9353,3050.0469,2946.1829
992,2022-03-21,2898.2756,3034.2253,2935.7642
993,2022-03-22,2972.719,3054.9414,2934.5923
994,2022-03-23,3030.476,3066.3586,2925.879
995,2022-03-24,3108.02,3121.5881,3005.2063
996,2022-03-25,3108.0872,3203.9976,3079.809
997,2022-03-26,3143.311,3230.3682,3101.1602
998,2022-03-27,3290.3284,3242.4065,3129.6506
999,2022-03-28,3332.1152,3319.4363,3204.1907
1000,2022-03-29,3402.9011,3397.641,3236.8193
1001,2022-03-30,3388.6038,3489.0642,3312.2188
1002,2022-03-31,3283.6318,3533.217,3367.9868
1003,2022-04-01,3446.0112,3499.8552,3336.291
1004,2022-04-02,3445.312,3543.3354,3370.1353
1005,2022-04-03,3520.8062,3540.8564,3396.5942
1006,2022-04-04,3520.5166,3613.653,3458.099
1007,2022-04-05,3415.6306,3639.7476,3469.9817
1008,2022-04-06,3173.0,3620.6465,3424.2368
1009,2022-04-07,3235.2383,3504.288,3314.104
1010,2022-04-08,3191.1453,3442.9397,3255.2466
1011,2022-04-09,3261.3176,3350.6113,3210.8877
1012,2022-04-10,3217.9026,3364.3542,3227.7258
1013,2022-04-11,2981.0786,3334.8901,3213.3577
1014,2022-04-12,3032.6694,3274.668,3108.9563
1015,2022-04-13,3116.8184,3210.9626,3029.9778
1016,2022-04-14,3019.1985,3203.7563,3087.014
1017,2022-04-15,3040.3386,3184.4683,3062.6487
1018,2022-04-16,3062.3284,3204.4026,3060.4602
1019,2022-04-17,2994.2788,3180.2258,3055.777
1020,2022-04-18,3058.4465,3169.9224,3049.0117
1021,2022-04-19,3104.5103,3194.5156,3052.796
1022,2022-04-20,3077.7039,3210.905,3069.1504
1023,2022-04-21,2988.2092,3236.8892,3097.962
1024,2022-04-22,2965.982,3196.0166,3059.4866
1025,2022-04-23,2938.0776,3162.6223,3030.5432
1026,2022-04-24,2922.5671,3081.095,2975.689
1027,2022-04-25,3012.2346,3065.2266,2961.868
1028,2022-04-26,2802.9575,3106.9343,2958.0305
1029,2022-04-27,2887.6726,3030.5518,2892.4097
1030,2022-04-28,2934.246,3061.4934,2925.9714
1031,2022-04-29,2813.813,3033.891,2925.4004
1032,2022-04-30,2734.9363,3021.679,2902.057
1033,2022-05-01,2829.2524,2969.9294,2849.836
1034,2022-05-02,2857.3833,2957.7969,2849.3333
1035,2022-05-03,2782.8506,2970.329,2851.594
1036,2022-05-04,2940.7166,2971.2954,2854.5103
1037,2022-05-05,2750.0918,3033.2285,2913.8533
1038,2022-05-06,2697.2297,2957.3188,2863.9294
1039,2022-05-07,2640.1248,2941.9368,2810.6362
1040,2022-05-08,2512.7273,2820.4688,2722.134
1041,2022-05-09,2253.078,2748.0212,2650.8972
1042,2022-05-10,2341.004,2591.858,2475.6467
1043,2022-05-11,2073.8914,2529.384,2406.1824
1044,2022-05-12,1966.4298,2348.6506,2277.0325
1045,2022-05-13,2010.8478,2242.977,2142.5198
1046,2022-05-14,2056.635,2160.501,2088.8955
1047,2022-05-15,2147.1943,2132.7998,2097.233
1048,2022-05-16,2023.4342,2209.4565,2163.9346
1049,2022-05-17,2091.865,2187.6367,2132.0708
1050,2022-05-18,1919.1868,2209.6519,2129.567
1051,2022-05-19,2020.2509,2127.923,2081.346
1052,2022-05-20,1961.5813,2142.9436,2067.5688
1053,2022-05-21,1974.4268,2088.9873,2041.0367
1054,2022-05-22,2043.8026,2090.9243,2041.7772
1055,2022-05-23,1972.8319,2110.8652,2071.948
1056,2022-05-24,1978.8744,2097.3472,2039.9446
1057,2022-05-25,1944.8878,2107.5159,2037.8429
1058,2022-05-26,1809.6917,2077.0493,2032.9254
1059,2022-05-27,1723.9742,2020.792,1961.0968
1060,2022-05-28,1793.1012,1933.8876,1854.2379
1061,2022-05-29,1810.7897,1888.1787,1841.9554
1062,2022-05-30,1993.2356,1879.7109,1855.1431
1063,2022-05-31,1948.2938,1986.0114,1940.2412
1064,2022-06-01,1825.1157,2019.4283,1979.8503
1065,2022-06-02,1834.3286,2027.0721,1966.2222
1066,2022-06-03,1775.8737,1987.7916,1923.9968
1067,2022-06-04,1800.8655,1912.6486,1870.6542
1068,2022-06-05,1805.2357,1897.1455,1858.2405
1069,2022-06-06,1858.9576,1882.779,1852.6047
1070,2022-06-07,1815.1007,1913.5859,1862.3865
1071,2022-06-08,1793.7412,1913.3647,1858.2874
1072,2022-06-09,1789.7993,1920.9178,1870.468
1073,2022-06-10,1664.9626,1900.5774,1859.1339
1074,2022-06-11,1529.7823,1842.3953,1791.9595
1075,2022-06-12,1448.1145,1749.9131,1685.5614
1076,2022-06-13,1202.1703,1641.8572,1587.7484
1077,2022-06-14,1212.2692,1460.1145,1413.6664
1078,2022-06-15,1229.7257,1360.364,1297.631
1079,2022-06-16,1067.7971,1285.0657,1263.7839
1080,2022-06-17,1087.0608,1216.5555,1197.3562
1081,2022-06-18,993.84467,1196.0435,1157.1746
1082,2022-06-19,1126.475,1099.6376,1081.3867
1083,2022-06-20,1129.7692,1143.141,1114.3744
1084,2022-06-21,1125.736,1138.677,1137.9602
1085,2022-06-22,1052.0264,1189.0123,1166.5881
1086,2022-06-23,1143.2688,1153.3525,1134.845
1087,2022-06-24,1230.9774,1178.9789,1150.2479
1088,2022-06-25,1242.8202,1214.3212,1204.6571
1089,2022-06-26,1201.5845,1267.391,1259.1248
1090,2022-06-27,1194.0449,1283.1245,1266.2192
1091,2022-06-28,1143.8297,1274.6445,1246.095
1092,2022-06-29,1097.606,1232.2784,1201.3923
1093,2022-06-30,1062.9297,1209.5085,1179.5929
1094,2022-07-01,1063.4006,1150.1477,1119.6671
1095,2022-07-02,1066.7203,1133.0421,1108.288
1096,2022-07-03,1074.3456,1111.2028,1098.9498
1097,2022-07-04,1152.9438,1115.5103,1103.4027
1098,2022-07-05,1134.8031,1152.0168,1136.1509
1099,2022-07-06,1188.5138,1158.5756,1139.0062
1100,2022-07-07,1238.8223,1223.327,1202.389
1101,2022-07-08,1233.1722,1257.7181,1239.1404
1102,2022-07-09,1216.7006,1282.5469,1263.2207
1103,2022-07-10,1168.7611,1285.9626,1271.1232
1104,2022-07-11,1097.7161,1259.4095,1241.2389
1105,2022-07-12,1039.5049,1198.7603,1164.889
1106,2022-07-13,1112.8876,1147.1644,1113.5385
1107,2022-07-14,1191.4908,1141.097,1113.1785
1108,2022-07-15,1233.475,1177.0201,1165.8536
1109,2022-07-16,1354.1602,1247.6819,1238.5602
1110,2022-07-17,1347.9811,1336.6251,1320.2301
1111,2022-07-18,1567.8528,1386.5979,1379.7148
1112,2022-07-19,1541.396,1512.1056,1483.3278
1113,2022-07-20,1527.6857,1563.8835,1548.2601
1114,2022-07-21,1575.598,1628.378,1595.8787
1115,2022-07-22,1535.0101,1658.4719,1620.2026
1116,2022-07-23,1548.8193,1630.1305,1602.4043
1117,2022-07-24,1601.8347,1637.9885,1611.738
1118,2022-07-25,1449.5924,1639.9967,1616.5715
1119,2022-07-26,1435.0111,1595.7666,1562.5974
1120,2022-07-27,1634.0632,1561.5194,1497.8386
1121,2022-07-28,1723.6785,1614.4242,1575.6832
1122,2022-07-29,1739.9369,1696.9791,1687.1868
1123,2022-07-30,1695.664,1805.2258,1777.5758
1124,2022-07-31,1681.3818,1813.197,1779.1996
1125,2022-08-01,1634.7855,1789.2335,1754.9838
1126,2022-08-02,1635.8214,1750.549,1707.273
1127,2022-08-03,1619.2891,1728.9163,1673.6755
1128,2022-08-04,1608.7288,1716.6638,1682.6895
1129,2022-08-05,1725.3495,1706.725,1669.118
1130,2022-08-06,1692.5503,1747.0093,1708.6836
1131,2022-08-07,1699.0503,1752.4407,1732.3151
1132,2022-08-08,1774.1552,1796.9196,1759.7917
1133,2022-08-09,1703.3602,1821.2423,1774.6467
1134,2022-08-10,1851.1744,1811.9205,1774.8263
1135,2022-08-11,1881.1793,1897.8796,1843.4104
1136,2022-08-12,1957.553,1917.5814,1888.6481
1137,2022-08-13,1981.8643,2008.6915,1969.7089
1138,2022-08-14,1937.6927,2045.8523,2009.7035
1139,2022-08-15,1905.6393,2048.0205,2008.0723
1140,2022-08-16,1878.6249,2044.021,1985.5957
1141,2022-08-17,1831.4012,1995.5642,1935.551
1142,2022-08-18,1847.4493,1979.3402,1927.3506
1143,2022-08-19,1612.746,1956.2648,1901.6599
1144,2022-08-20,1577.2065,1853.1207,1813.4253
1145,2022-08-21,1619.5398,1765.9797,1695.8367
1146,2022-08-22,1619.6019,1688.831,1658.5736
1147,2022-08-23,1661.8635,1672.8884,1643.6891
1148,2022-08-24,1657.7289,1704.1332,1660.453
1149,2022-08-25,1696.7554,1722.6129,1692.0354
1150,2022-08-26,1503.5149,1762.2104,1724.0177
1151,2022-08-27,1494.2043,1696.2788,1658.3564
1152,2022-08-28,1435.9552,1649.0945,1589.8168
1153,2022-08-29,1552.0769,1566.4364,1528.573
1154,2022-08-30,1523.5819,1587.0427,1548.0154
1155,2022-08-31,1552.8247,1591.4701,1565.329
1156,2022-09-01,1586.3856,1637.9199,1603.7448
1157,2022-09-02,1574.8792,1653.0331,1620.0916
1158,2022-09-03,1555.3619,1667.0493,1632.3068
1159,2022-09-04,1576.5555,1649.1835,1619.602
1160,2022-09-05,1620.9252,1639.6407,1617.8557
1161,2022-09-06,1562.8417,1653.6785,1622.3555
1162,2022-09-07,1631.5002,1648.617,1596.9403
1163,2022-09-08,1635.4911,1700.8932,1652.8691
1164,2022-09-09,1717.6272,1712.9949,1687.0122
1165,2022-09-10,1776.2404,1770.7834,1734.0741
1166,2022-09-11,1761.8439,1803.5079,1782.4862
1167,2022-09-12,1708.097,1837.1451,1813.873
1168,2022-09-13,1577.0281,1835.3483,1780.9319
1169,2022-09-14,1633.1893,1758.7546,1693.4664
1170,2022-09-15,1473.9607,1754.7504,1696.3425
1171,2022-09-16,1431.0702,1649.6115,1614.9873
1172,2022-09-17,1470.4739,1609.4855,1556.0199
1173,2022-09-18,1335.3673,1544.8083,1516.9705
1174,2022-09-19,1380.2736,1480.3025,1463.153
1175,2022-09-20,1323.8279,1477.4413,1429.0027
1176,2022-09-21,1250.7076,1415.3046,1385.9524
1177,2022-09-22,1328.7996,1389.3724,1355.8048
1178,2022-09-23,1330.7703,1383.5051,1348.6803
1179,2022-09-24,1318.1376,1376.2498,1361.8564
1180,2022-09-25,1294.083,1389.8661,1370.07
1181,2022-09-26,1333.4774,1377.2263,1358.0204
1182,2022-09-27,1331.1838,1378.0751,1346.3591
1183,2022-09-28,1337.5667,1380.9788,1352.5532
1184,2022-09-29,1335.5449,1405.5708,1380.8306
1185,2022-09-30,1328.3729,1409.733,1385.1106
1186,2022-10-01,1311.4888,1402.85,1372.4355
1187,2022-10-02,1276.7761,1387.4962,1368.2942
1188,2022-10-03,1323.6421,1361.6145,1343.8397
1189,2022-10-04,1362.364,1365.6708,1334.9644
1190,2022-10-05,1353.2974,1372.323,1344.3512
1191,2022-10-06,1351.5371,1407.2039,1391.4022
1192,2022-10-07,1332.4958,1418.2463,1390.7393
1193,2022-10-08,1315.4379,1403.5675,1372.3021
1194,2022-10-09,1322.3298,1385.2365,1362.0686
1195,2022-10-10,1291.4633,1354.2079,1334.7358
1196,2022-10-11,1279.21,1343.6676,1320.3169
1197,2022-10-12,1294.8527,1309.4493,1264.0471
1198,2022-10-13,1288.3726,1339.4078,1310.3219
1199,2022-10-14,1297.8004,1352.8121,1328.7418
1200,2022-10-15,1275.1666,1352.0281,1322.1844
1201,2022-10-16,1306.546,1337.538,1322.5496
1202,2022-10-17,1332.3347,1343.2488,1324.2291
1203,2022-10-18,1310.7726,1346.1824,1320.2589
1204,2022-10-19,1285.0359,1358.5774,1326.8546
1205,2022-10-20,1282.9045,1366.071,1337.8031
1206,2022-10-21,1299.8782,1353.0198,1326.0626
1207,2022-10-22,1314.2269,1352.8572,1326.2719
1208,2022-10-23,1363.7843,1348.2423,1329.8582
1209,2022-10-24,1344.7806,1389.5468,1374.8625
1210,2022-10-25,1462.1113,1390.7079,1362.6615
1211,2022-10-26,1568.2,1466.2021,1426.3435
1212,2022-10-27,1515.3231,1553.4392,1534.6013
1213,2022-10-28,1555.8896,1599.7854,1580.4185
1214,2022-10-29,1619.9012,1643.6776,1606.9321
1215,2022-10-30,1590.2897,1656.826,1631.9146
1216,2022-10-31,1573.594,1664.7397,1642.0746
1217,2022-11-01,1579.3746,1675.6003,1638.9448
1218,2022-11-02,1520.4255,1654.9739,1615.492
1219,2022-11-03,1530.7662,1635.6415,1602.6284
1220,2022-11-04,1645.0159,1623.8373,1579.6912
1221,2022-11-05,1627.6572,1667.0703,1637.6987
1222,2022-11-06,1574.2966,1679.0366,1662.8987
1223,2022-11-07,1568.4135,1703.974,1671.9993
1224,2022-11-08,1332.6642,1674.4797,1622.6992
1225,2022-11-09,1099.7968,1554.1177,1501.7047
1226,2022-11-10,1298.4147,1391.8828,1328.0222
1227,2022-11-11,1287.5483,1347.2633,1295.5137
1228,2022-11-12,1254.0343,1306.0339,1305.1337
1229,2022-11-13,1221.8528,1358.3458,1330.7667
1230,2022-11-14,1242.4231,1324.8177,1297.6857
1231,2022-11-15,1250.5377,1309.8469,1279.8907
1232,2022-11-16,1215.4122,1308.3519,1287.3741
1233,2022-11-17,1200.5869,1299.2036,1278.7109
1234,2022-11-18,1212.374,1288.9384,1261.574
1235,2022-11-19,1219.0005,1276.4305,1254.0808
1236,2022-11-20,1142.2313,1274.8463,1255.9932
1237,2022-11-21,1109.2599,1241.193,1223.251
1238,2022-11-22,1134.2202,1213.9832,1179.2437
1239,2022-11-23,1183.7987,1185.5945,1154.3259
1240,2022-11-24,1203.0469,1208.2605,1194.5872
1241,2022-11-25,1199.428,1234.3978,1223.3939
1242,2022-11-26,1206.328,1249.9113,1233.4341
1243,2022-11-27,1197.0319,1252.4482,1232.7316
1244,2022-11-28,1170.1888,1251.0057,1234.0167
1245,2022-11-29,1217.1154,1240.4308,1214.8689
1246,2022-11-30,1296.484,1252.081,1216.9187
1247,2022-12-01,1276.1194,1300.6226,1285.9618
1248,2022-12-02,1292.8965,1324.4535,1311.5587
1249,2022-12-03,1243.3813,1354.9972,1329.9846
1250,2022-12-04,1280.9303,1312.5896,1294.6115
1251,2022-12-05,1259.5648,1326.5566,1304.17
1252,2022-12-06,1271.6307,1298.893,1273.9958
1253,2022-12-07,1233.0448,1317.5802,1284.4045
1254,2022-12-08,1281.6792,1310.668,1282.8683
1255,2022-12-09,1264.0344,1325.2018,1299.3586
1256,2022-12-10,1265.6432,1324.9998,1312.7031
1257,2022-12-11,1263.8174,1315.7266,1294.176
1258,2022-12-12,1275.2855,1304.3855,1288.754
1259,2022-12-13,1320.3228,1307.4426,1279.2482
1260,2022-12-14,1309.6052,1326.5956,1286.3539
1261,2022-12-15,1265.8777,1362.8707,1339.6633
1262,2022-12-16,1166.2709,1362.8271,1340.8635
1263,2022-12-17,1189.009,1306.1014,1275.0535
1264,2022-12-18,1187.2551,1261.7787,1227.0894
1265,2022-12-19,1168.3066,1232.8536,1220.1704
1266,2022-12-20,1217.545,1222.5936,1204.3843
1267,2022-12-21,1212.7316,1234.0408,1203.0479
1268,2022-12-22,1218.2281,1243.8365,1226.8256
1269,2022-12-23,1219.8004,1268.2827,1249.4067
1270,2022-12-24,1221.4438,1269.7781,1247.9814
1271,2022-12-25,1218.355,1239.6119,1223.0634
1272,2022-12-26,1225.0066,1250.7649,1234.3468
1273,2022-12-27,1212.3868,1218.6948,1188.3872
1274,2022-12-28,1188.9264,1227.5596,1197.4606
1275,2022-12-29,1201.3276,1230.7206,1200.1393
1276,2022-12-30,1199.3203,1241.3291,1214.3926
1277,2022-12-31,1196.931,1242.3368,1221.5162
1278,2023-01-01,1200.537,1243.3358,1220.6868
1279,2023-01-02,1214.813,1231.2408,1214.5648
1280,2023-01-03,1214.8711,1241.2584,1224.3815
1281,2023-01-04,1256.0378,1222.7756,1196.9762
1282,2023-01-05,1251.0105,1272.7654,1243.8578
1283,2023-01-06,1270.1365,1275.7999,1251.0277
1284,2023-01-07,1264.0413,1318.8586,1300.6267
1285,2023-01-08,1284.2413,1291.1577,1275.6597
1286,2023-01-09,1320.9064,1312.5052,1293.1201
1287,2023-01-10,1336.227,1318.0745,1284.2659
1288,2023-01-11,1387.01,1357.503,1331.9794
1289,2023-01-12,1417.7588,1406.822,1386.0505
1290,2023-01-13,1449.8167,1446.6909,1423.3032
1291,2023-01-14,1552.869,1484.3698,1457.0592
1292,2023-01-15,1551.884,1568.3333,1541.7518
1293,2023-01-16,1578.0406,1582.9525,1572.4904
1294,2023-01-17,1570.0071,1648.4009,1625.7255
1295,2023-01-18,1520.312,1630.6334,1586.8832
1296,2023-01-19,1550.4362,1637.6493,1601.1343
1297,2023-01-20,1659.8857,1633.407,1594.3212
1298,2023-01-21,1628.0583,1672.5668,1644.2959
1299,2023-01-22,1628.5432,1691.8672,1671.3202
1300,2023-01-23,1628.8688,1712.3071,1680.7704
1301,2023-01-24,1555.4253,1711.4897,1673.7045
1302,2023-01-25,1612.5754,1666.0409,1619.7134
1303,2023-01-26,1602.3097,1684.1335,1637.6587
1304,2023-01-27,1598.2192,1662.6649,1636.625
1305,2023-01-28,1570.234,1682.1145,1652.8959
1306,2023-01-29,1645.5068,1650.3135,1615.8333
1307,2023-01-30,1566.4988,1680.3329,1648.9763
1308,2023-01-31,1586.0571,1656.5642,1623.7334
1309,2023-02-01,1640.294,1670.0654,1618.2424
1310,2023-02-02,1645.8782,1686.6658,1659.023
1311,2023-02-03,1665.1838,1712.5704,1679.8212
1312,2023-02-04,1665.6077,1739.6329,1701.544
1313,2023-02-05,1632.5242,1747.049,1716.4624
1314,2023-02-06,1616.9197,1728.809,1698.7585
1315,2023-02-07,1673.3219,1715.623,1672.1694
1316,2023-02-08,1651.4551,1719.1199,1674.7455
1317,2023-02-09,1546.3138,1728.7213,1691.514
1318,2023-02-10,1515.061,1695.0834,1652.75
1319,2023-02-11,1540.0026,1655.5085,1604.5227
1320,2023-02-12,1513.0101,1606.3818,1574.6356
1321,2023-02-13,1507.3385,1585.0298,1569.2292
1322,2023-02-14,1557.4535,1585.2943,1548.3365
1323,2023-02-15,1673.784,1584.4279,1537.5911
1324,2023-02-16,1639.8967,1673.5249,1649.1919
1325,2023-02-17,1696.0712,1710.0559,1686.1373
1326,2023-02-18,1690.7002,1761.6797,1725.6433
1327,2023-02-19,1681.7585,1758.4258,1734.7268
1328,2023-02-20,1701.8771,1760.5487,1725.5146
1329,2023-02-21,1656.8284,1767.2499,1724.5001
1330,2023-02-22,1643.2417,1748.5968,1703.9407
1331,2023-02-23,1651.0269,1747.7446,1701.9114
1332,2023-02-24,1608.8259,1730.2189,1692.1036
1333,2023-02-25,1594.2922,1711.6106,1679.0237
1334,2023-02-26,1639.418,1684.3744,1648.0314
1335,2023-02-27,1633.4501,1688.8185,1659.0186
1336,2023-02-28,1606.6382,1693.2307,1655.9653
1337,2023-03-01,1663.2278,1694.4319,1652.3114
1338,2023-03-02,1647.6272,1723.1415,1688.6342
1339,2023-03-03,1569.2219,1716.6559,1686.3281
1340,2023-03-04,1566.6086,1694.8024,1656.5828
1341,2023-03-05,1564.9075,1669.9622,1625.4777
1342,2023-03-06,1567.3844,1639.2509,1605.6328
1343,2023-03-07,1562.306,1639.9775,1606.7177
1344,2023-03-08,1535.2655,1635.9093,1603.0088
1345,2023-03-09,1439.2894,1626.8793,1592.2646
1346,2023-03-10,1428.8413,1570.8884,1535.3774
1347,2023-03-11,1484.137,1536.5322,1492.9083
1348,2023-03-12,1586.6459,1518.5793,1489.4459
1349,2023-03-13,1678.4553,1575.7255,1552.8414
1350,2023-03-14,1706.2894,1663.4023,1644.4535
1351,2023-03-15,1654.3972,1737.6804,1712.82
1352,2023-03-16,1677.182,1757.6893,1721.4355
1353,2023-03-17,1789.9066,1763.8193,1719.8091
1354,2023-03-18,1759.2738,1801.8867,1767.3087
1355,2023-03-19,1797.97,1826.6312,1799.3279
1356,2023-03-20,1730.782,1879.1262,1833.4786
1357,2023-03-21,1805.9053,1852.136,1811.8463
1358,2023-03-22,1737.8219,1877.9692,1826.6443
1359,2023-03-23,1816.8616,1839.216,1802.792
1360,2023-03-24,1749.8912,1880.2377,1831.5889
1361,2023-03-25,1743.0929,1845.812,1813.3081
1362,2023-03-26,1775.724,1855.3846,1805.4291
1363,2023-03-27,1716.3358,1846.276,1804.8934
1364,2023-03-28,1773.7744,1823.152,1785.9099
1365,2023-03-29,1792.664,1847.7928,1799.6547
1366,2023-03-30,1791.9773,1848.0426,1814.7767
1367,2023-03-31,1822.0808,1873.0326,1833.0725
1368,2023-04-01,1821.5563,1895.8025,1852.6625
1369,2023-04-02,1794.9092,1902.2559,1862.8329
1370,2023-04-03,1808.973,1901.9272,1856.823
1371,2023-04-04,1871.3765,1900.8181,1853.9214
1372,2023-04-05,1909.5657,1921.0955,1879.9482
1373,2023-04-06,1872.2036,1960.0886,1921.6808
1374,2023-04-07,1865.896,1974.3186,1931.784
1375,2023-04-08,1849.4097,1978.1204,1926.0867
1376,2023-04-09,1859.1403,1955.7975,1908.8201
1377,2023-04-10,1908.0961,1955.8105,1907.6636
1378,2023-04-11,1892.5287,1974.1809,1929.0994
1379,2023-04-12,1918.0072,1982.3732,1939.9476
1380,2023-04-13,2011.6108,2006.0559,1955.6812
1381,2023-04-14,2101.161,2048.7993,2003.6036
1382,2023-04-15,2092.5322,2122.5647,2081.4094
1383,2023-04-16,2118.4182,2174.4172,2128.7483
1384,2023-04-17,2076.391,2218.372,2158.002
1385,2023-04-18,2104.003,2201.3748,2144.68
1386,2023-04-19,1934.6616,2210.4019,2146.0393
1387,2023-04-20,1944.4187,2130.3699,2074.5574
1388,2023-04-21,1849.5577,2099.2349,2026.541
1389,2023-04-22,1874.5345,2002.3215,1948.6677
1390,2023-04-23,1862.7792,1988.3103,1929.7684
1391,2023-04-24,1842.8827,1954.5205,1911.6033
1392,2023-04-25,1868.3378,1951.9987,1903.8075
1393,2023-04-26,1866.207,1953.9783,1905.9888
1394,2023-04-27,1909.5781,1951.6698,1908.926
1395,2023-04-28,1894.0352,1979.8735,1933.3926
1396,2023-04-29,1906.2964,1983.3497,1940.6587
1397,2023-04-30,1881.7847,1999.7203,1950.2751
1398,2023-05-01,1830.8176,1989.6598,1942.6353
1399,2023-05-02,1870.2218,1962.7681,1912.5066
1400,2023-05-03,1904.0491,1962.638,1909.3119
1401,2023-05-04,1877.247,1966.576,1925.9149
1402,2023-05-05,1994.2235,1976.7814,1932.4686
1403,2023-05-06,1901.5048,2035.1752,1984.2789
1404,2023-05-07,1875.3353,2009.8357,1973.8273
1405,2023-05-08,1850.1774,2025.9164,1964.4873
1406,2023-05-09,1848.7183,1971.07,1921.0125
1407,2023-05-10,1841.3142,1958.6259,1903.8562
1408,2023-05-11,1797.0667,1938.8011,1893.4098
1409,2023-05-12,1808.5333,1914.5602,1868.5798
1410,2023-05-13,1797.0726,1907.2126,1857.3707
1411,2023-05-14,1799.9342,1889.2827,1847.646
1412,2023-05-15,1817.5469,1892.2678,1848.0513
1413,2023-05-16,1823.6561,1899.5466,1855.7146
1414,2023-05-17,1821.539,1905.8502,1864.265
1415,2023-05-18,1801.5591,1913.3652,1869.1787
1416,2023-05-19,1811.7296,1906.041,1861.4669
1417,2023-05-20,1820.0846,1904.7927,1858.8193
1418,2023-05-21,1804.5808,1904.0702,1860.9296
1419,2023-05-22,1817.973,1901.9447,1858.7725
1420,2023-05-23,1854.1263,1906.9226,1861.7118
1421,2023-05-24,1800.6838,1921.5459,1879.2037
1422,2023-05-25,1806.0204,1910.2239,1869.4384
1423,2023-05-26,1828.9015,1913.1492,1862.5753
1424,2023-05-27,1831.4302,1905.2661,1862.7405
1425,2023-05-28,1913.7786,1914.1863,1872.4193
1426,2023-05-29,1893.6216,1958.9426,1914.8917
1427,2023-05-30,1901.2523,1971.4078,1934.3656
1428,2023-05-31,1874.0885,2000.0349,1950.0183
1429,2023-06-01,1861.5941,1982.0336,1934.7712
1430,2023-06-02,1907.1149,1973.4426,1922.4175
1431,2023-06-03,1891.6924,1980.0901,1932.4789
1432,2023-06-04,1890.3566,1981.1066,1938.5829
1433,2023-06-05,1811.9066,1994.901,1945.1584
1434,2023-06-06,1882.4114,1951.5002,1903.8295
1435,2023-06-07,1833.4762,1966.2211,1909.8768
1436,2023-06-08,1846.772,1928.2164,1890.9121
1437,2023-06-09,1840.7552,1949.7278,1897.7471
1438,2023-06-10,1753.4407,1930.9211,1887.8934
1439,2023-06-11,1751.8314,1895.894,1849.3546
1440,2023-06-12,1741.9149,1871.009,1818.1096
1441,2023-06-13,1737.9872,1835.3359,1794.0148
1442,2023-06-14,1651.8096,1830.0078,1787.6964
1443,2023-06-15,1665.057,1784.8451,1743.4535
1444,2023-06-16,1716.0865,1767.7207,1719.3634
1445,2023-06-17,1727.6007,1764.2145,1729.1786
1446,2023-06-18,1719.6271,1787.9186,1755.7415
1447,2023-06-19,1734.6753,1806.8269,1768.1367
1448,2023-06-20,1791.2305,1815.1174,1774.1732
1449,2023-06-21,1890.601,1840.454,1801.896
1450,2023-06-22,1873.0559,1905.9122,1871.1855
1451,2023-06-23,1890.7225,1941.9196,1908.908
1452,2023-06-24,1875.8047,1983.5978,1933.8098
1453,2023-06-25,1899.5024,1973.5096,1928.4436
1454,2023-06-26,1859.9712,1987.5864,1938.6879
1455,2023-06-27,1891.6062,1968.9574,1924.053
1456,2023-06-28,1828.9159,1981.4298,1929.6567
1457,2023-06-29,1853.1345,1946.5443,1903.5768
1458,2023-06-30,1934.6469,1953.6085,1901.0215
1459,2023-07-01,1924.0562,1975.4789,1932.9838
1460,2023-07-02,1938.1644,1998.6101,1960.3802
1461,2023-07-03,1954.4014,2032.2272,1981.0637
1462,2023-07-04,1937.6049,2038.8654,1991.1278
1463,2023-07-05,1910.9679,2041.8934,1993.2163
1464,2023-07-06,1856.3612,2030.7585,1978.4718
1465,2023-07-07,1869.5823,1995.3866,1942.3634
1466,2023-07-08,1864.626,1976.322,1922.78
1467,2023-07-09,1863.7495,1958.2561,1912.218
1468,2023-07-10,1879.9362,1959.8461,1913.063
1469,2023-07-11,1878.3043,1964.0895,1918.1326
1470,2023-07-12,1871.826,1968.6729,1923.6267
1471,2023-07-13,2004.0792,1970.1714,1923.3976
1472,2023-07-14,1938.6423,2026.7156,1979.4725
1473,2023-07-15,1931.0852,2025.2902,1990.374
1474,2023-07-16,1922.8802,2053.237,1994.9839
1475,2023-07-17,1912.9547,2028.1832,1978.3536
1476,2023-07-18,1897.4384,2018.974,1968.9618
1477,2023-07-19,1890.0238,2009.1167,1957.4065
1478,2023-07-20,1891.1484,1995.0698,1945.4023
1479,2023-07-21,1892.1637,1990.4056,1941.4395
1480,2023-07-22,1861.9459,1987.5758,1940.3611
1481,2023-07-23,1888.4618,1978.6682,1930.3706
1482,2023-07-24,1850.4259,1980.2278,1929.7012
1483,2023-07-25,1858.5768,1960.4772,1913.586
1484,2023-07-26,1870.8298,1959.9435,1909.5782
1485,2023-07-27,1859.4309,1954.8717,1910.3721
1486,2023-07-28,1875.1154,1955.4912,1910.5685
1487,2023-07-29,1881.1853,1964.7909,1916.8817
1488,2023-07-30,1862.0801,1966.458,1922.2852
1489,2023-07-31,1856.3589,1964.3452,1918.1006
1490,2023-08-01,1872.2119,1959.4312,1910.8177
1491,2023-08-02,1838.0984,1953.2015,1907.0165
1492,2023-08-03,1834.9575,1943.044,1898.3727
1493,2023-08-04,1827.8809,1937.8644,1889.9498
1494,2023-08-05,1835.1444,1925.6288,1879.9766
1495,2023-08-06,1827.1395,1925.9194,1880.2395
1496,2023-08-07,1826.8151,1920.8464,1877.3221
1497,2023-08-08,1855.879,1921.6685,1875.9945
1498,2023-08-09,1854.5187,1932.3322,1887.9778
1499,2023-08-10,1851.4425,1938.8315,1897.3265
1500,2023-08-11,1847.4846,1947.5863,1901.4733
1501,2023-08-12,1848.9545,1943.6324,1897.4878
1502,2023-08-13,1839.2927,1942.0786,1896.3258
1503,2023-08-14,1844.3297,1936.1865,1891.1992
1504,2023-08-15,1826.8274,1937.2853,1891.0874
1505,2023-08-16,1806.8204,1927.1005,1882.786
1506,2023-08-17,1683.5936,1916.3411,1869.6263
1507,2023-08-18,1660.7299,1849.897,1803.2659
1508,2023-08-19,1668.5112,1801.8909,1746.8187
1509,2023-08-20,1684.8961,1754.6105,1712.0891
1510,2023-08-21,1666.9514,1753.7347,1717.2032
1511,2023-08-22,1633.9037,1752.297,1716.4772
1512,2023-08-23,1678.7932,1735.652,1695.9564
1513,2023-08-24,1659.796,1742.7351,1702.1628
1514,2023-08-25,1653.5067,1730.7607,1700.0835
1515,2023-08-26,1645.9921,1742.767,1703.1179
1516,2023-08-27,1656.9928,1731.3451,1694.2524
1517,2023-08-28,1653.2211,1733.5767,1696.1154
1518,2023-08-29,1728.9573,1731.6031,1696.0028
1519,2023-08-30,1705.3218,1768.8721,1731.7852
1520,2023-08-31,1645.9001,1774.6699,1745.0648
1521,2023-09-01,1628.7766,1770.3475,1727.9381
1522,2023-09-02,1636.6355,1738.604,1694.029
1523,2023-09-03,1636.137,1717.739,1679.319
1524,2023-09-04,1630.1973,1712.3588,1677.4476
1525,2023-09-05,1633.4404,1711.2705,1674.9332
1526,2023-09-06,1632.582,1710.9695,1674.2865
1527,2023-09-07,1646.5916,1708.7222,1673.7001
1528,2023-09-08,1636.0189,1718.1582,1682.3254
1529,2023-09-09,1635.0089,1716.539,1682.0536
1530,2023-09-10,1617.5892,1719.4364,1681.3563
1531,2023-09-11,1549.701,1706.6534,1670.33
1532,2023-09-12,1594.0272,1670.1959,1632.2047
1533,2023-09-13,1607.9362,1668.2997,1626.2599
1534,2023-09-14,1626.6995,1660.2522,1632.1246
1535,2023-09-15,1643.2444,1690.1416,1656.7399
1536,2023-09-16,1635.1127,1707.5837,1674.4463
1537,2023-09-17,1622.7878,1715.0153,1680.3066
1538,2023-09-18,1637.3292,1711.9133,1673.731
1539,2023-09-19,1644.1461,1712.6608,1675.1299
1540,2023-09-20,1622.6407,1713.7437,1679.9761
1541,2023-09-21,1584.1764,1712.1154,1675.8568
1542,2023-09-22,1593.5555,1690.981,1652.4652
1543,2023-09-23,1593.576,1678.4863,1639.2477
1544,2023-09-24,1580.6008,1666.3148,1632.8605
1545,2023-09-25,1588.5902,1664.7921,1630.0636
1546,2023-09-26,1592.5741,1663.9192,1628.423
1547,2023-09-27,1597.4435,1663.6378,1629.3649
1548,2023-09-28,1652.8569,1667.9938,1634.3174
1549,2023-09-29,1668.0212,1695.841,1662.4742
1550,2023-09-30,1671.1027,1719.0876,1690.1094
1551,2023-10-01,1733.966,1745.2529,1709.9917
1552,2023-10-02,1665.1636,1779.391,1742.5244
1553,2023-10-03,1656.9241,1764.3289,1731.8763
1554,2023-10-04,1647.9103,1766.3262,1719.7267
1555,2023-10-05,1612.5348,1735.845,1698.1824
1556,2023-10-06,1645.7878,1715.9541,1677.9043
1557,2023-10-07,1634.9607,1718.8286,1678.6467
1558,2023-10-08,1633.8141,1709.499,1676.9739
1559,2023-10-09,1580.2938,1717.0966,1679.5698
1560,2023-10-10,1567.5189,1687.9316,1651.4332
1561,2023-10-11,1564.4114,1668.6129,1627.5511
1562,2023-10-12,1537.694,1644.902,1609.9901
1563,2023-10-13,1550.9474,1627.9902,1593.9974
1564,2023-10-14,1555.3549,1625.4133,1589.3977
1565,2023-10-15,1557.3579,1621.4878,1590.3485
1566,2023-10-16,1601.1886,1627.2789,1595.204
1567,2023-10-17,1565.5692,1650.7268,1617.9362
1568,2023-10-18,1564.0133,1644.618,1616.0062
1569,2023-10-19,1567.4602,1651.7762,1613.1362
1570,2023-10-20,1604.4972,1638.814,1605.5728
1571,2023-10-21,1629.0004,1658.0289,1625.2036
1572,2023-10-22,1661.8586,1679.4209,1650.002
1573,2023-10-23,1765.0797,1715.7823,1682.7744
1574,2023-10-24,1784.3,1781.6812,1748.8058
1575,2023-10-25,1786.4047,1828.092,1799.7814
1576,2023-10-26,1804.3676,1873.5625,1830.9315
1577,2023-10-27,1781.2461,1886.1554,1842.684
1578,2023-10-28,1776.7488,1879.0624,1836.9954
1579,2023-10-29,1796.0333,1876.7039,1830.4784
1580,2023-10-30,1809.8739,1876.8735,1834.2897
1581,2023-10-31,1816.2883,1886.3894,1846.1843
1582,2023-11-01,1845.8982,1899.1935,1856.065
1583,2023-11-02,1800.8397,1917.3613,1874.3123
1584,2023-11-03,1833.4889,1904.7917,1864.1196
1585,2023-11-04,1856.8247,1920.9735,1871.565
1586,2023-11-05,1894.4635,1924.4606,1884.7523
1587,2023-11-06,1900.1061,1961.2273,1918.918
1588,2023-11-07,1888.2994,1982.134,1938.9032
1589,2023-11-08,1891.2278,1988.6493,1940.3766
1590,2023-11-09,2121.2358,1990.181,1940.325
1591,2023-11-10,2079.417,2083.586,2037.4594
1592,2023-11-11,2052.326,2127.202,2099.247
1593,2023-11-12,2045.4781,2182.2065,2120.579
1594,2023-11-13,2059.192,2166.8425,2105.1907
1595,2023-11-14,1978.729,2159.633,2103.9136
1596,2023-11-15,2061.6165,2129.6328,2072.9756
1597,2023-11-16,1962.4647,2146.3472,2082.1216
1598,2023-11-17,1959.0835,2092.8027,2046.3046
1599,2023-11-18,1962.4529,2094.9395,2030.5343
1600,2023-11-19,2013.979,2061.7559,2010.0564
1601,2023-11-20,2022.6141,2077.6106,2026.3964
1602,2023-11-21,1943.2095,2098.4314,2051.7878
1603,2023-11-22,2064.553,2081.8406,2031.4504
1604,2023-11-23,2062.1633,2127.7927,2065.9702
1605,2023-11-24,2080.8176,2127.4946,2087.1274
1606,2023-11-25,2085.2092,2176.4348,2119.4287
1607,2023-11-26,2064.211,2182.6392,2126.9177
1608,2023-11-27,2028.1508,2182.2402,2125.733
1609,2023-11-28,2048.1528,2161.1514,2101.7795
1610,2023-11-29,2028.0586,2156.725,2095.2395
1611,2023-11-30,2052.7512,2136.1287,2083.825
1612,2023-12-01,2085.7146,2148.9526,2091.0713
1613,2023-12-02,2165.5889,2163.3943,2110.7173
1614,2023-12-03,2191.4065,2214.0566,2161.6497
1615,2023-12-04,2241.9856,2261.9238,2210.498
1616,2023-12-05,2297.1216,2314.434,2254.6572
1617,2023-12-06,2230.4817,2361.655,2299.509
1618,2023-12-07,2355.2454,2360.689,2299.2773
1619,2023-12-08,2359.277,2421.7754,2347.147
1620,2023-12-09,2340.4531,2434.3296,2377.0208
1621,2023-12-10,2351.4556,2471.769,2397.6484
1622,2023-12-11,2222.0554,2476.1274,2399.0562
1623,2023-12-12,2204.5398,2413.1846,2338.7878
1624,2023-12-13,2261.0122,2372.9395,2287.1714
1625,2023-12-14,2316.232,2347.8452,2280.319
1626,2023-12-15,2218.7012,2380.2244,2321.2117
1627,2023-12-16,2225.7593,2375.6519,2311.713
1628,2023-12-17,2198.361,2373.2512,2292.7092
1629,2023-12-18,2216.1301,2332.2153,2264.475
1630,2023-12-19,2177.598,2331.2163,2263.0015
1631,2023-12-20,2198.8274,2309.9932,2244.4543
1632,2023-12-21,2238.9243,2310.1587,2241.333
1633,2023-12-22,2328.2092,2321.8293,2260.0105
1634,2023-12-23,2309.675,2375.6096,2314.9412
1635,2023-12-24,2267.8057,2404.7017,2344.053
1636,2023-12-25,2273.0999,2410.6765,2338.0483
1637,2023-12-26,2231.511,2401.6162,2327.4644
1638,2023-12-27,2378.4463,2368.7253,2300.8035
1639,2023-12-28,2347.086,2427.8652,2353.6985
1640,2023-12-29,2299.563,2434.1765,2379.594
1641,2023-12-30,2293.603,2452.6445,2374.5762
1642,2023-12-31,2280.5913,2431.2573,2352.1914
1643,2024-01-01,2349.8586,2403.3909,2333.8218
1644,2024-01-02,2359.6624,2429.543,2358.0952
1645,2024-01-03,2211.0093,2447.2502,2383.0393
1646,2024-01-04,2272.495,2404.5107,2332.784
1647,2024-01-05,2266.681,2404.709,2318.2146
1648,2024-01-06,2239.8494,2360.9272,2301.3682
1649,2024-01-07,2222.1956,2371.2703,2301.5364
1650,2024-01-08,2332.5503,2352.329,2281.925
1651,2024-01-09,2341.6882,2392.7788,2324.2334
1652,2024-01-10,2584.4858,2414.7903,2357.6401
1653,2024-01-11,2621.22,2562.9263,2488.5354
1654,2024-01-12,2526.315,2639.2778,2584.1072
1655,2024-01-13,2576.1096,2684.4216,2596.2544
1656,2024-01-14,2470.9731,2704.1804,2604.6948
1657,2024-01-15,2514.545,2643.0742,2562.6694
1658,2024-01-16,2587.875,2657.024,2558.633
1659,2024-01-17,2527.5664,2669.2844,2583.8914
1660,2024-01-18,2467.1116,2663.9922,2584.1296
1661,2024-01-19,2489.3694,2650.1301,2553.5696
1662,2024-01-20,2467.9763,2622.2673,2531.9502
1663,2024-01-21,2452.664,2598.6326,2518.337
1664,2024-01-22,2308.1992,2596.156,2510.7253
1665,2024-01-23,2242.0623,2521.9229,2438.6868
1666,2024-01-24,2235.3188,2447.617,2354.8706
1667,2024-01-25,2218.4568,2374.9917,2296.643
1668,2024-01-26,2269.1968,2340.457,2274.1414
1669,2024-01-27,2267.7937,2358.8472,2291.8333
1670,2024-01-28,2256.9856,2366.8987,2304.8254
1671,2024-01-29,2315.0063,2377.2676,2308.5107
1672,2024-01-30,2345.4976,2401.2222,2331.8176
1673,2024-01-31,2283.4004,2428.729,2365.4639
1674,2024-02-01,2302.188,2429.0164,2359.7356
1675,2024-02-02,2306.5437,2434.6055,2353.2173
1676,2024-02-03,2295.1658,2415.7295,2347.153
1677,2024-02-04,2289.7473,2417.9644,2348.0078
1678,2024-02-05,2298.938,2414.4246,2342.3308
1679,2024-02-06,2374.3367,2411.9595,2340.5273
1680,2024-02-07,2422.5957,2447.6533,2378.3513
1681,2024-02-08,2420.2856,2491.0662,2426.6494
1682,2024-02-09,2488.3047,2531.425,2458.322
1683,2024-02-10,2500.622,2578.246,2498.3938
1684,2024-02-11,2506.8318,2598.3052,2523.465
1685,2024-02-12,2658.7517,2626.0366,2542.1577
1686,2024-02-13,2642.7524,2697.0479,2611.7341
1687,2024-02-14,2778.0771,2725.1045,2650.7393
1688,2024-02-15,2823.6348,2835.8137,2737.8137
1689,2024-02-16,2805.3445,2882.0957,2795.9485
1690,2024-02-17,2786.4004,2930.456,2827.0325
1691,2024-02-18,2878.998,2934.4514,2823.6755
1692,2024-02-19,2942.7417,2964.9219,2855.3025
1693,2024-02-20,3014.4338,3013.8855,2911.4404
1694,2024-02-21,2971.2485,3091.246,2978.0078
1695,2024-02-22,2970.0847,3105.4827,2986.2844
1696,2024-02-23,2921.9863,3121.6328,2991.268
1697,2024-02-24,2991.8113,3081.0015,2959.9958
1698,2024-02-25,3111.1572,3106.413,2977.2715
1699,2024-02-26,3179.3774,3153.2266,3036.631
1700,2024-02-27,3243.108,3233.7705,3113.9128
1701,2024-02-28,3381.1997,3318.5195,3184.5798
