,date,Yhat0,Yhat1
0,2019-03-03,0.027020384,0.027742805
1,2019-03-04,0.026290694,0.02673434
2,2019-03-05,0.025578158,0.025694272
3,2019-03-06,0.026503233,0.026688846
4,2019-03-07,0.027150732,0.027804304
5,2019-03-08,0.027676513,0.028244793
6,2019-03-09,0.027308721,0.027815768
7,2019-03-10,0.027471561,0.027985727
8,2019-03-11,0.02722726,0.027875915
9,2019-03-12,0.026853947,0.027148955
10,2019-03-13,0.026946727,0.027251279
11,2019-03-14,0.026839087,0.027477846
12,2019-03-15,0.02668228,0.027180873
13,2019-03-16,0.027015466,0.027454372
14,2019-03-17,0.027772991,0.02832101
15,2019-03-18,0.027940065,0.028575283
16,2019-03-19,0.027825585,0.028102372
17,2019-03-20,0.02804652,0.028465873
18,2019-03-21,0.027995395,0.0284684
19,2019-03-22,0.0278779,0.028359843
20,2019-03-23,0.027811112,0.028482143
21,2019-03-24,0.027494969,0.02800212
22,2019-03-25,0.027580027,0.028191058
23,2019-03-26,0.02710471,0.02755809
24,2019-03-27,0.027171763,0.027509209
25,2019-03-28,0.027694067,0.028326858
26,2019-03-29,0.027812487,0.028440263
27,2019-03-30,0.028199907,0.02865767
28,2019-03-31,0.028515609,0.029045982
29,2019-04-01,0.02871447,0.029375572
30,2019-04-02,0.028550657,0.02908778
31,2019-04-03,0.03043575,0.03059041
32,2019-04-04,0.031925503,0.032710604
33,2019-04-05,0.032834213,0.033709742
34,2019-04-06,0.033044346,0.03381915
35,2019-04-07,0.033228487,0.034070075
36,2019-04-08,0.034023628,0.034499772
37,2019-04-09,0.035146035,0.035389964
38,2019-04-10,0.03599369,0.03668979
39,2019-04-11,0.036323056,0.03709615
40,2019-04-12,0.034938443,0.03579763
41,2019-04-13,0.034232534,0.03481719
42,2019-04-14,0.033462334,0.034308653
43,2019-04-15,0.03317921,0.03374174
44,2019-04-16,0.032596547,0.03282453
45,2019-04-17,0.033315245,0.03359617
46,2019-04-18,0.03338362,0.034014285
47,2019-04-19,0.034198616,0.034570504
48,2019-04-20,0.03472878,0.035330202
49,2019-04-21,0.035080973,0.035762183
50,2019-04-22,0.034524374,0.035068613
51,2019-04-23,0.03446391,0.034743182
52,2019-04-24,0.034548175,0.03497791
53,2019-04-25,0.034226257,0.03480394
54,2019-04-26,0.033020437,0.0337568
55,2019-04-27,0.032201674,0.03274697
56,2019-04-28,0.032112345,0.033027805
57,2019-04-29,0.031755794,0.03255835
58,2019-04-30,0.031422913,0.031773597
59,2019-05-01,0.032174338,0.032608874
60,2019-05-02,0.03240134,0.03320449
61,2019-05-03,0.032789055,0.033478692
62,2019-05-04,0.033111185,0.033592455
63,2019-05-05,0.033265993,0.03392118
64,2019-05-06,0.03318759,0.033788264
65,2019-05-07,0.033659983,0.033840824
66,2019-05-08,0.034436423,0.034947064
67,2019-05-09,0.03506158,0.035785172
68,2019-05-10,0.034835033,0.03566329
69,2019-05-11,0.034991987,0.035652827
70,2019-05-12,0.037350517,0.037746254
71,2019-05-13,0.038158137,0.039263908
72,2019-05-14,0.0396116,0.04022479
73,2019-05-15,0.041565355,0.042115204
74,2019-05-16,0.046130143,0.046744816
75,2019-05-17,0.050654393,0.051422354
76,2019-05-18,0.05139723,0.052810177
77,2019-05-19,0.050654244,0.051528227
78,2019-05-20,0.051127248,0.051478207
79,2019-05-21,0.0510146,0.051846884
80,2019-05-22,0.052499883,0.05295562
81,2019-05-23,0.051354956,0.052162115
82,2019-05-24,0.050925765,0.05145734
83,2019-05-25,0.050847832,0.05152673
84,2019-05-26,0.051279545,0.052031696
85,2019-05-27,0.052540723,0.052885167
86,2019-05-28,0.05396858,0.05441204
87,2019-05-29,0.055556305,0.056135934
88,2019-05-30,0.05567965,0.05623721
89,2019-05-31,0.054210603,0.055028334
90,2019-06-01,0.054342497,0.054947823
91,2019-06-02,0.05445322,0.05535708
92,2019-06-03,0.054915752,0.055574015
93,2019-06-04,0.05314908,0.05358857
94,2019-06-05,0.051332284,0.051650178
95,2019-06-06,0.0507289,0.051261682
96,2019-06-07,0.050436296,0.051435526
97,2019-06-08,0.05100639,0.051548094
98,2019-06-09,0.05057159,0.05128445
99,2019-06-10,0.048339233,0.04884062
100,2019-06-11,0.048513114,0.04821081
101,2019-06-12,0.049337592,0.049836524
102,2019-06-13,0.051339723,0.05174114
103,2019-06-14,0.05194834,0.052485272
104,2019-06-15,0.053398244,0.0538277
105,2019-06-16,0.054261517,0.054899246
106,2019-06-17,0.055066276,0.055689137
107,2019-06-18,0.05564218,0.0561421
108,2019-06-19,0.054958988,0.055564944
109,2019-06-20,0.055207673,0.05556728
110,2019-06-21,0.055380814,0.056079663
111,2019-06-22,0.057633203,0.057967156
112,2019-06-23,0.060269274,0.060935814
113,2019-06-24,0.06279932,0.06344087
114,2019-06-25,0.06342413,0.06386825
115,2019-06-26,0.06414804,0.06451433
116,2019-06-27,0.06638375,0.06682891
117,2019-06-28,0.06462103,0.06576847
118,2019-06-29,0.0647441,0.06497624
119,2019-06-30,0.06388714,0.064819425
120,2019-07-01,0.06285483,0.063749686
121,2019-07-02,0.061240334,0.06147379
122,2019-07-03,0.059815634,0.060215477
123,2019-07-04,0.060858056,0.06126458
124,2019-07-05,0.060143307,0.060997512
125,2019-07-06,0.059512287,0.059812292
126,2019-07-07,0.058468875,0.05912919
127,2019-07-08,0.059501756,0.05953936
128,2019-07-09,0.06118801,0.06113809
129,2019-07-10,0.06274407,0.06274957
130,2019-07-11,0.0619773,0.06269877
131,2019-07-12,0.058762394,0.05947478
132,2019-07-13,0.057162624,0.057664078
133,2019-07-14,0.055717517,0.056821182
134,2019-07-15,0.050734065,0.051256176
135,2019-07-16,0.04841663,0.047873694
136,2019-07-17,0.044240076,0.0453474
137,2019-07-18,0.04352513,0.043788377
138,2019-07-19,0.043797452,0.04447523
139,2019-07-20,0.04493174,0.045757867
140,2019-07-21,0.046193235,0.046755504
141,2019-07-22,0.04546415,0.046258416
142,2019-07-23,0.044019636,0.044253625
143,2019-07-24,0.043409385,0.04338447
144,2019-07-25,0.04327596,0.04360326
145,2019-07-26,0.043535315,0.043830454
146,2019-07-27,0.04384166,0.043983653
147,2019-07-28,0.043520156,0.044270724
148,2019-07-29,0.04231888,0.043139156
149,2019-07-30,0.040871024,0.04078238
150,2019-07-31,0.041732043,0.041533615
151,2019-08-01,0.043007676,0.0433261
152,2019-08-02,0.043368816,0.043538716
153,2019-08-03,0.044229943,0.04466562
154,2019-08-04,0.044825863,0.04559365
155,2019-08-05,0.044419788,0.045180295
156,2019-08-06,0.044562675,0.04418748
157,2019-08-07,0.045403086,0.04544346
158,2019-08-08,0.04655713,0.0471444
159,2019-08-09,0.045142226,0.045685403
160,2019-08-10,0.04392521,0.04438791
161,2019-08-11,0.042758606,0.043318093
162,2019-08-12,0.04237466,0.04282667
163,2019-08-13,0.041744348,0.042040482
164,2019-08-14,0.041883547,0.04193108
165,2019-08-15,0.039978635,0.04031793
166,2019-08-16,0.038947847,0.039031066
167,2019-08-17,0.03794385,0.038616758
168,2019-08-18,0.037854522,0.038666207
169,2019-08-19,0.03767245,0.03822034
170,2019-08-20,0.038456194,0.038486756
171,2019-08-21,0.039405752,0.03943638
172,2019-08-22,0.03905261,0.039607592
173,2019-08-23,0.038634922,0.039044198
174,2019-08-24,0.03842917,0.038828332
175,2019-08-25,0.03868051,0.0393484
176,2019-08-26,0.037698425,0.03828704
177,2019-08-27,0.037006468,0.036932167
178,2019-08-28,0.03726594,0.03742604
179,2019-08-29,0.036273982,0.03675531
180,2019-08-30,0.035024185,0.03521964
181,2019-08-31,0.034178056,0.034551438
182,2019-09-01,0.03426879,0.03459967
183,2019-09-02,0.03471326,0.035493925
184,2019-09-03,0.03458353,0.03503671
185,2019-09-04,0.035149537,0.03507037
186,2019-09-05,0.035836574,0.036368847
187,2019-09-06,0.03552119,0.036183655
188,2019-09-07,0.034455165,0.034907207
189,2019-09-08,0.034899402,0.035079043
190,2019-09-09,0.035597146,0.036115818
191,2019-09-10,0.036033433,0.036420677
192,2019-09-11,0.03615801,0.036574204
193,2019-09-12,0.035780337,0.03616453
194,2019-09-13,0.035951953,0.03622761
195,2019-09-14,0.03595207,0.03632272
196,2019-09-15,0.036949262,0.037391104
197,2019-09-16,0.036915146,0.0375264
198,2019-09-17,0.037794158,0.03751226
199,2019-09-18,0.040251065,0.04024927
200,2019-09-19,0.0420676,0.042646036
201,2019-09-20,0.043857902,0.044467878
202,2019-09-21,0.04393621,0.044726644
203,2019-09-22,0.044165097,0.044801883
204,2019-09-23,0.042385545,0.043135565
205,2019-09-24,0.040554438,0.04043111
206,2019-09-25,0.0375199,0.03748691
207,2019-09-26,0.036097735,0.03620923
208,2019-09-27,0.03423613,0.035020728
209,2019-09-28,0.03468844,0.035299145
210,2019-09-29,0.034839883,0.03563877
211,2019-09-30,0.034584183,0.035288367
212,2019-10-01,0.034479667,0.034443155
213,2019-10-02,0.035298914,0.035577677
214,2019-10-03,0.036022786,0.03679435
215,2019-10-04,0.03506936,0.035819706
216,2019-10-05,0.034307532,0.034619994
217,2019-10-06,0.034250017,0.034618057
218,2019-10-07,0.033338428,0.033924524
219,2019-10-08,0.033782564,0.033390123
220,2019-10-09,0.034942474,0.03477821
221,2019-10-10,0.037132934,0.037159875
222,2019-10-11,0.038042534,0.038579285
223,2019-10-12,0.03749884,0.038062125
224,2019-10-13,0.036610767,0.036960803
225,2019-10-14,0.036097154,0.036810044
226,2019-10-15,0.03504799,0.034982055
227,2019-10-16,0.035935976,0.035738308
228,2019-10-17,0.03578903,0.036333233
229,2019-10-18,0.035229493,0.035499483
230,2019-10-19,0.03440796,0.03472932
231,2019-10-20,0.0345833,0.03501056
232,2019-10-21,0.033445325,0.03400482
233,2019-10-22,0.033596247,0.033375308
234,2019-10-23,0.03408985,0.034250215
235,2019-10-24,0.03288816,0.032947134
236,2019-10-25,0.03287628,0.032842863
237,2019-10-26,0.034447957,0.034898315
238,2019-10-27,0.03520184,0.035913702
239,2019-10-28,0.036869697,0.03744909
240,2019-10-29,0.03616143,0.036430545
241,2019-10-30,0.037556842,0.03761463
242,2019-10-31,0.037675112,0.038557965
243,2019-11-01,0.037171118,0.037648022
244,2019-11-02,0.036805667,0.03724594
245,2019-11-03,0.03667127,0.03738242
246,2019-11-04,0.035501022,0.036101416
247,2019-11-05,0.035475995,0.035095774
248,2019-11-06,0.036845263,0.036596432
249,2019-11-07,0.03825042,0.038823374
250,2019-11-08,0.03784771,0.038623687
251,2019-11-09,0.036708787,0.03694292
252,2019-11-10,0.03687029,0.037278753
253,2019-11-11,0.03620132,0.037132826
254,2019-11-12,0.03515738,0.03523064
255,2019-11-13,0.036107667,0.03553281
256,2019-11-14,0.03713284,0.03737082
257,2019-11-15,0.037054475,0.03765631
258,2019-11-16,0.03594064,0.036143478
259,2019-11-17,0.03634893,0.036676254
260,2019-11-18,0.03558247,0.036603637
261,2019-11-19,0.03426956,0.034248643
262,2019-11-20,0.0349007,0.03444072
263,2019-11-21,0.035074156,0.035373468
264,2019-11-22,0.033288162,0.033566505
265,2019-11-23,0.03165263,0.031554513
266,2019-11-24,0.031343967,0.031935964
267,2019-11-25,0.029357402,0.030559262
268,2019-11-26,0.028247524,0.027887434
269,2019-11-27,0.029182965,0.029267259
270,2019-11-28,0.029655937,0.03016031
271,2019-11-29,0.030094987,0.030269379
272,2019-11-30,0.030812977,0.03148299
273,2019-12-01,0.03015259,0.030863345
274,2019-12-02,0.030008147,0.030655913
275,2019-12-03,0.028259475,0.028486868
276,2019-12-04,0.028898478,0.028572237
277,2019-12-05,0.028797332,0.029281197
278,2019-12-06,0.02885102,0.029001959
279,2019-12-07,0.028973276,0.029262964
280,2019-12-08,0.029524485,0.030243808
281,2019-12-09,0.028676733,0.030291202
282,2019-12-10,0.025883472,0.026594939
283,2019-12-11,0.027380867,0.026107071
284,2019-12-12,0.028593509,0.028985238
285,2019-12-13,0.027459906,0.02807393
286,2019-12-14,0.027561523,0.027521
287,2019-12-15,0.027812805,0.028461326
288,2019-12-16,0.026967863,0.028077152
289,2019-12-17,0.024502685,0.02459445
290,2019-12-18,0.024582159,0.023384921
291,2019-12-19,0.025772315,0.02568839
292,2019-12-20,0.025789255,0.026487784
293,2019-12-21,0.026392082,0.02730992
294,2019-12-22,0.02551422,0.026734995
295,2019-12-23,0.024361266,0.025314713
296,2019-12-24,0.023435336,0.023168763
297,2019-12-25,0.024964074,0.02454102
298,2019-12-26,0.024616493,0.025146184
299,2019-12-27,0.02457203,0.024812827
300,2019-12-28,0.02425517,0.024670316
301,2019-12-29,0.024489053,0.024851806
302,2019-12-30,0.024806524,0.025289837
303,2019-12-31,0.02481418,0.024809193
304,2020-01-01,0.025341092,0.025045116
305,2020-01-02,0.026683182,0.027473215
306,2020-01-03,0.022889478,0.024417812
307,2020-01-04,0.024082353,0.022820912
308,2020-01-05,0.025974914,0.026167998
309,2020-01-06,0.026237214,0.027142905
310,2020-01-07,0.026002016,0.02597582
311,2020-01-08,0.027338,0.027140023
312,2020-01-09,0.027778866,0.028033245
313,2020-01-10,0.027761312,0.028084535
314,2020-01-11,0.027639322,0.028168188
315,2020-01-12,0.027547663,0.027839884
316,2020-01-13,0.028173618,0.02861064
317,2020-01-14,0.02746561,0.02779937
318,2020-01-15,0.029859338,0.029152751
319,2020-01-16,0.032074496,0.03244295
320,2020-01-17,0.033263635,0.03398736
321,2020-01-18,0.033521507,0.033972222
322,2020-01-19,0.03405754,0.034398735
323,2020-01-20,0.033974335,0.034665316
324,2020-01-21,0.03326937,0.033861164
325,2020-01-22,0.03251799,0.032933343
326,2020-01-23,0.032299954,0.03275989
327,2020-01-24,0.031509798,0.03174931
328,2020-01-25,0.03143129,0.031138675
329,2020-01-26,0.033577047,0.034332607
330,2020-01-27,0.02864477,0.031937093
331,2020-01-28,0.029067906,0.028470207
332,2020-01-29,0.032287657,0.031536475
333,2020-01-30,0.033843722,0.03394319
334,2020-01-31,0.035192043,0.035206318
335,2020-02-01,0.035470396,0.03561193
336,2020-02-02,0.036616962,0.03700446
337,2020-02-03,0.03643259,0.037126638
338,2020-02-04,0.036430888,0.036545906
339,2020-02-05,0.037030812,0.03697077
340,2020-02-06,0.038964935,0.038953483
341,2020-02-07,0.040668614,0.040844817
342,2020-02-08,0.043227397,0.04342478
343,2020-02-09,0.04490797,0.045694444
344,2020-02-10,0.045206673,0.045809627
345,2020-02-11,0.044572193,0.04467869
346,2020-02-12,0.04620532,0.046231177
347,2020-02-13,0.04948218,0.049360972
348,2020-02-14,0.052438334,0.052937962
349,2020-02-15,0.056133457,0.05663339
350,2020-02-16,0.055349667,0.056138486
351,2020-02-17,0.054122437,0.054604568
352,2020-02-18,0.053028043,0.053136844
353,2020-02-19,0.055062767,0.055160735
354,2020-02-20,0.055040166,0.055987738
355,2020-02-21,0.054052133,0.054299515
356,2020-02-22,0.053363692,0.05379971
357,2020-02-23,0.053612944,0.054462254
358,2020-02-24,0.053111922,0.05342088
359,2020-02-25,0.052526,0.05240556
360,2020-02-26,0.05222438,0.05230153
361,2020-02-27,0.0490952,0.049427606
362,2020-02-28,0.047379322,0.047636375
363,2020-02-29,0.04649279,0.047239754
364,2020-03-01,0.045759078,0.046713922
365,2020-03-02,0.04407502,0.044422973
366,2020-03-03,0.044686545,0.044373658
367,2020-03-04,0.04550284,0.046089567
368,2020-03-05,0.04569375,0.046317045
369,2020-03-06,0.04540259,0.04562087
370,2020-03-07,0.046810627,0.046956938
371,2020-03-08,0.04806515,0.048727557
372,2020-03-09,0.044561394,0.045296546
373,2020-03-10,0.042070016,0.04158143
374,2020-03-11,0.04102925,0.041530903
375,2020-03-12,0.04041638,0.04128993
376,2020-03-13,0.032897785,0.034172617
377,2020-03-14,0.02966899,0.029516988
378,2020-03-15,0.025726689,0.027421592
379,2020-03-16,0.025826007,0.026722694
380,2020-03-17,0.023731455,0.024503656
381,2020-03-18,0.023571573,0.024165777
382,2020-03-19,0.022921441,0.023892906
383,2020-03-20,0.025168324,0.025508167
384,2020-03-21,0.026114065,0.026999513
385,2020-03-22,0.027247554,0.028223965
386,2020-03-23,0.025518412,0.02646103
387,2020-03-24,0.02558951,0.02557991
388,2020-03-25,0.02662644,0.026784796
389,2020-03-26,0.027699525,0.02850241
390,2020-03-27,0.02770407,0.028555285
391,2020-03-28,0.027256848,0.027909707
392,2020-03-29,0.026442753,0.026944617
393,2020-03-30,0.025642416,0.026278144
394,2020-03-31,0.025156584,0.025471225
395,2020-04-01,0.025527166,0.025481382
396,2020-04-02,0.026380178,0.026922558
397,2020-04-03,0.026927527,0.027111862
398,2020-04-04,0.02768005,0.027864393
399,2020-04-05,0.028804656,0.02958053
400,2020-04-06,0.028107759,0.029085137
401,2020-04-07,0.029246293,0.028776143
402,2020-04-08,0.0316269,0.031387135
403,2020-04-09,0.034318145,0.034935694
404,2020-04-10,0.034146175,0.03499017
405,2020-04-11,0.032804567,0.033046
406,2020-04-12,0.032690704,0.03323834
407,2020-04-13,0.031130644,0.032169037
408,2020-04-14,0.030227344,0.029953793
409,2020-04-15,0.03132056,0.03131778
410,2020-04-16,0.030769398,0.03147704
411,2020-04-17,0.03193742,0.031601332
412,2020-04-18,0.03346332,0.033990916
413,2020-04-19,0.035860218,0.03631361
414,2020-04-20,0.036141876,0.036757413
415,2020-04-21,0.035477094,0.035693128
416,2020-04-22,0.0351121,0.035266116
417,2020-04-23,0.035715874,0.036239285
418,2020-04-24,0.036441732,0.03695006
419,2020-04-25,0.03747132,0.037712835
420,2020-04-26,0.038856134,0.039610337
421,2020-04-27,0.03904321,0.0398842
422,2020-04-28,0.03884696,0.03889693
423,2020-04-29,0.03962915,0.039949637
424,2020-04-30,0.04105452,0.041054655
425,2020-05-01,0.041940894,0.04220439
426,2020-05-02,0.04370576,0.04443783
427,2020-05-03,0.043058414,0.04397639
428,2020-05-04,0.042201873,0.042616468
429,2020-05-05,0.041541707,0.04153888
430,2020-05-06,0.04147176,0.041558333
431,2020-05-07,0.041386276,0.04161589
432,2020-05-08,0.042152636,0.042223286
433,2020-05-09,0.04307834,0.04378397
434,2020-05-10,0.043351058,0.044192202
435,2020-05-11,0.040332485,0.04081922
436,2020-05-12,0.038957406,0.039054926
437,2020-05-13,0.038190693,0.038801465
438,2020-05-14,0.039027542,0.039480228
439,2020-05-15,0.040276922,0.040867094
440,2020-05-16,0.04035588,0.04109069
441,2020-05-17,0.04049834,0.041101307
442,2020-05-18,0.040210653,0.0407376
443,2020-05-19,0.041233502,0.041104157
444,2020-05-20,0.042529803,0.042834036
445,2020-05-21,0.042618737,0.043114997
446,2020-05-22,0.041280206,0.041560087
447,2020-05-23,0.041446082,0.041625082
448,2020-05-24,0.041589428,0.042136446
449,2020-05-25,0.04155917,0.042240392
450,2020-05-26,0.040780112,0.041071378
451,2020-05-27,0.040241778,0.0403176
452,2020-05-28,0.041169543,0.04143053
453,2020-05-29,0.04222755,0.042444058
454,2020-05-30,0.043614235,0.04376494
455,2020-05-31,0.046865672,0.047062412
456,2020-06-01,0.04734441,0.04827431
457,2020-06-02,0.048945583,0.04932216
458,2020-06-03,0.04832269,0.048778128
459,2020-06-04,0.04957874,0.05018185
460,2020-06-05,0.049138494,0.04985144
461,2020-06-06,0.04866401,0.04884463
462,2020-06-07,0.049243256,0.049820893
463,2020-06-08,0.04793938,0.04860653
464,2020-06-09,0.047660295,0.04741945
465,2020-06-10,0.048821405,0.048698206
466,2020-06-11,0.04947969,0.049630035
467,2020-06-12,0.048328694,0.048714716
468,2020-06-13,0.048445396,0.04873503
469,2020-06-14,0.04830349,0.049229946
470,2020-06-15,0.04631246,0.04714745
471,2020-06-16,0.045250088,0.044526517
472,2020-06-17,0.04677349,0.0466372
473,2020-06-18,0.047171388,0.04785539
474,2020-06-19,0.046787936,0.047057014
475,2020-06-20,0.046356834,0.046623193
476,2020-06-21,0.04661671,0.047218844
477,2020-06-22,0.045268696,0.045732614
478,2020-06-23,0.04656858,0.04604893
479,2020-06-24,0.04847078,0.048791908
480,2020-06-25,0.048891123,0.049372382
481,2020-06-26,0.048500646,0.048974328
482,2020-06-27,0.048028592,0.049001914
483,2020-06-28,0.04679725,0.047847945
484,2020-06-29,0.045843977,0.046499725
485,2020-06-30,0.04511366,0.04546418
486,2020-07-01,0.045168385,0.045240942
487,2020-07-02,0.046142515,0.046324834
488,2020-07-03,0.04631719,0.046797317
489,2020-07-04,0.046010014,0.046406485
490,2020-07-05,0.046066158,0.046567783
491,2020-07-06,0.045401234,0.046100978
492,2020-07-07,0.04566375,0.04533994
493,2020-07-08,0.047235604,0.04708595
494,2020-07-09,0.049430117,0.049665466
495,2020-07-10,0.049729407,0.05041405
496,2020-07-11,0.049665913,0.050316386
497,2020-07-12,0.049355283,0.050166078
498,2020-07-13,0.04805364,0.04871517
499,2020-07-14,0.047329318,0.046971723
500,2020-07-15,0.048374094,0.048268724
501,2020-07-16,0.04901801,0.04976581
502,2020-07-17,0.04816997,0.04878118
503,2020-07-18,0.047572717,0.047947604
504,2020-07-19,0.047577865,0.04818259
505,2020-07-20,0.047243174,0.0476266
506,2020-07-21,0.047295205,0.04728643
507,2020-07-22,0.048633963,0.048739817
508,2020-07-23,0.0509537,0.05121001
509,2020-07-24,0.053802986,0.054168805
510,2020-07-25,0.056491632,0.057300147
511,2020-07-26,0.059900887,0.060446434
512,2020-07-27,0.06189739,0.0626242
513,2020-07-28,0.06504486,0.06549553
514,2020-07-29,0.06577595,0.066803075
515,2020-07-30,0.06636808,0.06711581
516,2020-07-31,0.06728584,0.06774144
517,2020-08-01,0.069249585,0.06990442
518,2020-08-02,0.07462956,0.07481226
519,2020-08-03,0.07643089,0.077440254
520,2020-08-04,0.07901909,0.07933609
521,2020-08-05,0.07978972,0.08038281
522,2020-08-06,0.08178162,0.082364686
523,2020-08-07,0.0819575,0.082534015
524,2020-08-08,0.0805254,0.08094351
525,2020-08-09,0.08057348,0.08089884
526,2020-08-10,0.07989539,0.08025788
527,2020-08-11,0.08037702,0.08021416
528,2020-08-12,0.07961665,0.080267616
529,2020-08-13,0.08059959,0.08069476
530,2020-08-14,0.08424863,0.08440563
531,2020-08-15,0.08835731,0.089117594
532,2020-08-16,0.090615936,0.09149358
533,2020-08-17,0.0904783,0.09084646
534,2020-08-18,0.08952251,0.08965964
535,2020-08-19,0.08895805,0.08933304
536,2020-08-20,0.087015495,0.08768143
537,2020-08-21,0.08628502,0.08651399
538,2020-08-22,0.08342307,0.084282316
539,2020-08-23,0.082809836,0.08310771
540,2020-08-24,0.08131747,0.08191015
541,2020-08-25,0.08196822,0.08170988
542,2020-08-26,0.080671936,0.08121465
543,2020-08-27,0.08113034,0.08130066
544,2020-08-28,0.079513475,0.080122255
545,2020-08-29,0.08033663,0.08044785
546,2020-08-30,0.08168141,0.08211419
547,2020-08-31,0.08525344,0.08546265
548,2020-09-01,0.088076554,0.088490404
549,2020-09-02,0.09473075,0.09485994
550,2020-09-03,0.09465003,0.096187666
551,2020-09-04,0.08994104,0.09117092
552,2020-09-05,0.08431663,0.08475459
553,2020-09-06,0.075361215,0.0773902
554,2020-09-07,0.074253164,0.07425172
555,2020-09-08,0.07237326,0.07336716
556,2020-09-09,0.07195313,0.072901614
557,2020-09-10,0.07247488,0.07283848
558,2020-09-11,0.07387556,0.074545585
559,2020-09-12,0.07647685,0.07734791
560,2020-09-13,0.07882332,0.07957559
561,2020-09-14,0.07793419,0.078961544
562,2020-09-15,0.07804412,0.07846751
563,2020-09-16,0.076728076,0.077668
564,2020-09-17,0.07687162,0.07748757
565,2020-09-18,0.078385405,0.07886779
566,2020-09-19,0.07944049,0.08049752
567,2020-09-20,0.080659926,0.08149916
568,2020-09-21,0.078884,0.07981091
569,2020-09-22,0.07516068,0.07587926
570,2020-09-23,0.07288342,0.07337239
571,2020-09-24,0.06931518,0.07035913
572,2020-09-25,0.07064339,0.07083311
573,2020-09-26,0.07134106,0.0723224
574,2020-09-27,0.07313775,0.073799975
575,2020-09-28,0.073194034,0.07367857
576,2020-09-29,0.073541366,0.07385549
577,2020-09-30,0.0739691,0.074447066
578,2020-10-01,0.0744235,0.07507016
579,2020-10-02,0.074000284,0.07469661
580,2020-10-03,0.07298261,0.073670626
581,2020-10-04,0.07238049,0.07306324
582,2020-10-05,0.07198263,0.07241882
583,2020-10-06,0.071714535,0.07183099
584,2020-10-07,0.071111076,0.07148372
585,2020-10-08,0.0708481,0.07106847
586,2020-10-09,0.0713612,0.07176426
587,2020-10-10,0.073560625,0.07402445
588,2020-10-11,0.07570876,0.07636422
589,2020-10-12,0.07692137,0.077482626
590,2020-10-13,0.078348346,0.07838625
591,2020-10-14,0.07879872,0.07935602
592,2020-10-15,0.07906204,0.0794992
593,2020-10-16,0.07849607,0.078997076
594,2020-10-17,0.077211164,0.07775188
595,2020-10-18,0.0766964,0.077196516
596,2020-10-19,0.07651519,0.076833956
597,2020-10-20,0.07638876,0.07625271
598,2020-10-21,0.07650341,0.0766633
599,2020-10-22,0.0791594,0.07897177
600,2020-10-23,0.08229294,0.08272368
601,2020-10-24,0.084771946,0.08575416
602,2020-10-25,0.085803084,0.08634565
603,2020-10-26,0.08464144,0.08511607
604,2020-10-27,0.08207363,0.08195494
605,2020-10-28,0.08246675,0.082356185
606,2020-10-29,0.08176779,0.08246957
607,2020-10-30,0.081164666,0.08169009
608,2020-10-31,0.079781525,0.08005171
609,2020-11-01,0.079844125,0.080268875
610,2020-11-02,0.08070945,0.08111275
611,2020-11-03,0.07924148,0.079357125
612,2020-11-04,0.079781905,0.07985772
613,2020-11-05,0.08154513,0.08185603
614,2020-11-06,0.08385687,0.084286466
615,2020-11-07,0.089446306,0.089612775
616,2020-11-08,0.09111276,0.092296764
617,2020-11-09,0.09404685,0.09438364
618,2020-11-10,0.092060335,0.092353076
619,2020-11-11,0.09276068,0.092664644
620,2020-11-12,0.094515696,0.09464082
621,2020-11-13,0.09539317,0.09583687
622,2020-11-14,0.09754457,0.09786301
623,2020-11-15,0.09718507,0.09797485
624,2020-11-16,0.09516591,0.095504366
625,2020-11-17,0.09400631,0.09355784
626,2020-11-18,0.096116394,0.09593521
627,2020-11-19,0.09892948,0.09941934
628,2020-11-20,0.09966685,0.10028016
629,2020-11-21,0.10248261,0.10231177
630,2020-11-22,0.10754827,0.10784468
631,2020-11-23,0.11488093,0.11514007
632,2020-11-24,0.1220461,0.12187868
633,2020-11-25,0.1250762,0.12580347
634,2020-11-26,0.124026366,0.124927916
635,2020-11-27,0.11657474,0.11688572
636,2020-11-28,0.111101836,0.111241736
637,2020-11-29,0.111018315,0.11122458
638,2020-11-30,0.11453955,0.11425854
639,2020-12-01,0.12059626,0.11993565
640,2020-12-02,0.12340813,0.12376373
641,2020-12-03,0.12620372,0.12607107
642,2020-12-04,0.12709606,0.12688869
643,2020-12-05,0.12375379,0.12433976
644,2020-12-06,0.12421804,0.123549305
645,2020-12-07,0.12330563,0.12326408
646,2020-12-08,0.12329269,0.12261501
647,2020-12-09,0.119843744,0.119996555
648,2020-12-10,0.119891785,0.11923831
649,2020-12-11,0.11797152,0.11843587
650,2020-12-12,0.11723211,0.117442705
651,2020-12-13,0.11778501,0.117643684
652,2020-12-14,0.1196526,0.119512506
653,2020-12-15,0.12095129,0.12065127
654,2020-12-16,0.12218169,0.121759534
655,2020-12-17,0.12706435,0.12627384
656,2020-12-18,0.1314531,0.13150238
657,2020-12-19,0.13598374,0.13610354
658,2020-12-20,0.138085,0.13791405
659,2020-12-21,0.13653661,0.13682531
660,2020-12-22,0.13257803,0.13210042
661,2020-12-23,0.13108757,0.13060978
662,2020-12-24,0.12755778,0.12829036
663,2020-12-25,0.12811697,0.12728254
664,2020-12-26,0.12830774,0.12840883
665,2020-12-27,0.13104364,0.1305433
666,2020-12-28,0.13668405,0.13547014
667,2020-12-29,0.14515351,0.14472952
668,2020-12-30,0.15180594,0.15176508
669,2020-12-31,0.1562428,0.15572064
670,2021-01-01,0.15692373,0.156684
671,2021-01-02,0.1561815,0.15565547
672,2021-01-03,0.15874524,0.15756696
673,2021-01-04,0.18190397,0.17845999
674,2021-01-05,0.20181689,0.2024195
675,2021-01-06,0.2262161,0.22369003
676,2021-01-07,0.24178067,0.23917633
677,2021-01-08,0.25545043,0.2531601
678,2021-01-09,0.2618984,0.2594208
679,2021-01-10,0.27017394,0.26664463
680,2021-01-11,0.27247843,0.26942444
681,2021-01-12,0.25404173,0.25390503
682,2021-01-13,0.23860049,0.23541288
683,2021-01-14,0.23406537,0.23048602
684,2021-01-15,0.24463591,0.2421147
685,2021-01-16,0.25126418,0.24987411
686,2021-01-17,0.2603868,0.25603193
687,2021-01-18,0.26221523,0.25920406
688,2021-01-19,0.26616856,0.2625652
689,2021-01-20,0.28134578,0.27564552
690,2021-01-21,0.28748587,0.28629422
691,2021-01-22,0.2730842,0.27237666
692,2021-01-23,0.26628754,0.26023367
693,2021-01-24,0.2598908,0.2578729
694,2021-01-25,0.27987838,0.2739934
695,2021-01-26,0.2831098,0.28080645
696,2021-01-27,0.2922614,0.28723434
697,2021-01-28,0.28075024,0.27861223
698,2021-01-29,0.28458834,0.27905065
699,2021-01-30,0.2885172,0.2844271
700,2021-01-31,0.29582492,0.29256877
701,2021-02-01,0.29207444,0.28859013
702,2021-02-02,0.29144356,0.28624317
703,2021-02-03,0.3071852,0.30040747
704,2021-02-04,0.33219725,0.3269339
705,2021-02-05,0.3471127,0.34219855
706,2021-02-06,0.3611497,0.3531841
707,2021-02-07,0.36386135,0.35801497
708,2021-02-08,0.35967118,0.35360056
709,2021-02-09,0.36419624,0.3552477
710,2021-02-10,0.37152073,0.36428556
711,2021-02-11,0.37947324,0.37193164
712,2021-02-12,0.38364217,0.37500584
713,2021-02-13,0.39131102,0.3822473
714,2021-02-14,0.3943468,0.3864331
715,2021-02-15,0.39616162,0.3863704
716,2021-02-16,0.3898535,0.38116089
717,2021-02-17,0.38637233,0.37819305
718,2021-02-18,0.39168578,0.38200358
719,2021-02-19,0.40477175,0.39472577
720,2021-02-20,0.41731897,0.40809909
721,2021-02-21,0.41953754,0.41050094
722,2021-02-22,0.41998455,0.40945974
723,2021-02-23,0.4030382,0.39514786
724,2021-02-24,0.37133333,0.36557567
725,2021-02-25,0.35463637,0.34724572
726,2021-02-26,0.33619624,0.3319252
727,2021-02-27,0.32348782,0.31795976
728,2021-02-28,0.31614983,0.3111843
729,2021-03-01,0.31084022,0.3061831
730,2021-03-02,0.32191736,0.3151658
731,2021-03-03,0.32235005,0.31862143
732,2021-03-04,0.33557472,0.3277484
733,2021-03-05,0.3326091,0.32768708
734,2021-03-06,0.3344516,0.32802135
735,2021-03-07,0.3448993,0.336519
736,2021-03-08,0.35574687,0.34990972
737,2021-03-09,0.3768875,0.36906084
738,2021-03-10,0.39278343,0.3836052
739,2021-03-11,0.39680853,0.38828835
740,2021-03-12,0.39742875,0.38796407
741,2021-03-13,0.38907638,0.38189793
742,2021-03-14,0.40241772,0.39142948
743,2021-03-15,0.4054803,0.3971712
744,2021-03-16,0.40023127,0.39044622
745,2021-03-17,0.39080334,0.38234618
746,2021-03-18,0.39207205,0.3829064
747,2021-03-19,0.38968745,0.38164723
748,2021-03-20,0.39275858,0.3828522
749,2021-03-21,0.393367,0.38427252
750,2021-03-22,0.39115506,0.38200414
751,2021-03-23,0.37862,0.37096974
752,2021-03-24,0.36938983,0.36142805
753,2021-03-25,0.35584933,0.34951767
754,2021-03-26,0.34901363,0.3411828
755,2021-03-27,0.35430184,0.3469405
756,2021-03-28,0.36572802,0.35813162
757,2021-03-29,0.36860538,0.3605113
758,2021-03-30,0.37829688,0.3672184
759,2021-03-31,0.38714305,0.37935105
760,2021-04-01,0.4060206,0.39636707
761,2021-04-02,0.4191995,0.4089753
762,2021-04-03,0.44200924,0.42964324
763,2021-04-04,0.4465089,0.43764836
764,2021-04-05,0.4547829,0.44225547
765,2021-04-06,0.45407987,0.44127378
766,2021-04-07,0.45673254,0.44519788
767,2021-04-08,0.44839197,0.43855742
768,2021-04-09,0.44848382,0.43524873
769,2021-04-10,0.4461982,0.43543237
770,2021-04-11,0.455847,0.4428225
771,2021-04-12,0.4616173,0.4489022
772,2021-04-13,0.46553785,0.4515959
773,2021-04-14,0.47905967,0.46402267
774,2021-04-15,0.5037633,0.4888915
775,2021-04-16,0.5311843,0.5151937
776,2021-04-17,0.5349001,0.5194221
777,2021-04-18,0.52751184,0.51238203
778,2021-04-19,0.5061807,0.492089
779,2021-04-20,0.48725516,0.47517085
780,2021-04-21,0.49257472,0.47652614
781,2021-04-22,0.5007801,0.48708642
782,2021-04-23,0.5157269,0.5006999
783,2021-04-24,0.5141314,0.5016463
784,2021-04-25,0.5036933,0.4902536
785,2021-04-26,0.49782965,0.48121196
786,2021-04-27,0.51517,0.49652085
787,2021-04-28,0.5439217,0.527509
788,2021-04-29,0.5749466,0.55548555
789,2021-04-30,0.59061193,0.57069576
790,2021-05-01,0.5972466,0.5773498
791,2021-05-02,0.6161158,0.592392
792,2021-05-03,0.62818974,0.605822
793,2021-05-04,0.6781956,0.64562696
794,2021-05-05,0.69175845,0.6704509
795,2021-05-06,0.73426604,0.70161444
796,2021-05-07,0.74192,0.7138551
797,2021-05-08,0.74734735,0.7173482
798,2021-05-09,0.7811741,0.7435881
799,2021-05-10,0.8060278,0.7736014
800,2021-05-11,0.83232677,0.793328
801,2021-05-12,0.84880626,0.8108373
802,2021-05-13,0.85487515,0.8198875
803,2021-05-14,0.8204905,0.78880775
804,2021-05-15,0.8312476,0.79032683
805,2021-05-16,0.8103621,0.7810729
806,2021-05-17,0.79086465,0.7551958
807,2021-05-18,0.7357154,0.70896935
808,2021-05-19,0.7243361,0.6927198
809,2021-05-20,0.6441977,0.63045985
810,2021-05-21,0.62154365,0.59393054
811,2021-05-22,0.55510134,0.54762125
812,2021-05-23,0.53775185,0.5209563
813,2021-05-24,0.4872076,0.47670364
814,2021-05-25,0.5190613,0.49753863
815,2021-05-26,0.5505421,0.5359539
816,2021-05-27,0.5977367,0.5773736
817,2021-05-28,0.6016608,0.58401024
818,2021-05-29,0.56916684,0.55502045
819,2021-05-30,0.5301036,0.5141157
820,2021-05-31,0.51593816,0.49795836
821,2021-06-01,0.5420464,0.52327627
822,2021-06-02,0.55861616,0.5426843
823,2021-06-03,0.5783927,0.5575851
824,2021-06-04,0.5961644,0.57431805
825,2021-06-05,0.5950202,0.5769655
826,2021-06-06,0.5829705,0.5640019
827,2021-06-07,0.5802187,0.55690974
828,2021-06-08,0.56916326,0.5482357
829,2021-06-09,0.55599403,0.53796226
830,2021-06-10,0.5575366,0.53954697
831,2021-06-11,0.5506738,0.5352238
832,2021-06-12,0.53352296,0.5161857
833,2021-06-13,0.5189739,0.5015212
834,2021-06-14,0.5272498,0.50771767
835,2021-06-15,0.5392526,0.51975137
836,2021-06-16,0.54722404,0.5304992
837,2021-06-17,0.536794,0.5205709
838,2021-06-18,0.52230227,0.50577426
839,2021-06-19,0.5000989,0.4869033
840,2021-06-20,0.4866847,0.47228494
841,2021-06-21,0.4829175,0.46485838
842,2021-06-22,0.4427284,0.4354898
843,2021-06-23,0.42533547,0.41330507
844,2021-06-24,0.41675952,0.4069024
845,2021-06-25,0.4249281,0.41408125
846,2021-06-26,0.4115099,0.40399337
847,2021-06-27,0.40177566,0.39180428
848,2021-06-28,0.40758044,0.3940446
849,2021-06-29,0.4256036,0.41277617
850,2021-06-30,0.45098048,0.43905184
851,2021-07-01,0.4757009,0.46201444
852,2021-07-02,0.47213838,0.46053267
853,2021-07-03,0.47007832,0.45605344
854,2021-07-04,0.4727827,0.45969328
855,2021-07-05,0.48790362,0.4690849
856,2021-07-06,0.48064235,0.4658366
857,2021-07-07,0.48950747,0.4726298
858,2021-07-08,0.49468026,0.48049963
859,2021-07-09,0.48143446,0.46995762
860,2021-07-10,0.4740318,0.45939982
861,2021-07-11,0.46348482,0.45135865
862,2021-07-12,0.46557695,0.45020562
863,2021-07-13,0.4483672,0.4326957
864,2021-07-14,0.42728642,0.41854978
865,2021-07-15,0.4318032,0.41875893
866,2021-07-16,0.42144242,0.41254178
867,2021-07-17,0.41615483,0.4052573
868,2021-07-18,0.41075838,0.4009736
869,2021-07-19,0.4104127,0.39835453
870,2021-07-20,0.3985548,0.3877029
871,2021-07-21,0.38955498,0.3810794
872,2021-07-22,0.40745637,0.3945195
873,2021-07-23,0.4214668,0.41238788
874,2021-07-24,0.4446842,0.4319397
875,2021-07-25,0.45907554,0.44512597
876,2021-07-26,0.46822158,0.45373955
877,2021-07-27,0.47512954,0.45632038
878,2021-07-28,0.47945222,0.4671928
879,2021-07-29,0.49553707,0.4810656
880,2021-07-30,0.50360405,0.4875861
881,2021-07-31,0.516418,0.49944666
882,2021-08-01,0.5354975,0.51720655
883,2021-08-02,0.5496028,0.5315778
884,2021-08-03,0.5601335,0.53950346
885,2021-08-04,0.5523035,0.5352248
886,2021-08-05,0.5691223,0.5468159
887,2021-08-06,0.58718795,0.56736803
888,2021-08-07,0.61147463,0.5892548
889,2021-08-08,0.64253074,0.61711484
890,2021-08-09,0.65349513,0.6295957
891,2021-08-10,0.66862077,0.6384451
892,2021-08-11,0.66832453,0.64461666
893,2021-08-12,0.6814058,0.65325016
894,2021-08-13,0.66626996,0.6414375
895,2021-08-14,0.6836584,0.6514968
896,2021-08-15,0.6891495,0.6637169
897,2021-08-16,0.7063704,0.6735608
898,2021-08-17,0.690152,0.6617302
899,2021-08-18,0.6704012,0.64604795
900,2021-08-19,0.66084105,0.634087
901,2021-08-20,0.6659818,0.6384692
902,2021-08-21,0.68390477,0.65559685
903,2021-08-22,0.69348973,0.6670224
904,2021-08-23,0.6971961,0.66550004
905,2021-08-24,0.69723946,0.6643748
906,2021-08-25,0.6899574,0.6653102
907,2021-08-26,0.6951786,0.66721874
908,2021-08-27,0.68209815,0.6566418
909,2021-08-28,0.69055045,0.6585969
910,2021-08-29,0.68887615,0.66289544
911,2021-08-30,0.69691896,0.6658176
912,2021-08-31,0.69315755,0.66320646
913,2021-09-01,0.708799,0.6784208
914,2021-09-02,0.75487214,0.72117835
915,2021-09-03,0.7873897,0.7547881
916,2021-09-04,0.81377214,0.77754384
917,2021-09-05,0.8204276,0.78387535
918,2021-09-06,0.8291009,0.7872923
919,2021-09-07,0.82586545,0.783532
920,2021-09-08,0.77825195,0.74883515
921,2021-09-09,0.7621871,0.7266369
922,2021-09-10,0.74067783,0.7112457
923,2021-09-11,0.7153665,0.68925595
924,2021-09-12,0.704351,0.67299217
925,2021-09-13,0.7102573,0.6801604
926,2021-09-14,0.71183795,0.6802111
927,2021-09-15,0.7170831,0.68517584
928,2021-09-16,0.7394872,0.7049825
929,2021-09-17,0.7505473,0.72172874
930,2021-09-18,0.7463317,0.7139581
931,2021-09-19,0.73370045,0.70178694
932,2021-09-20,0.7208475,0.6898809
933,2021-09-21,0.68092924,0.6521488
934,2021-09-22,0.6293671,0.608582
935,2021-09-23,0.6375524,0.60888016
936,2021-09-24,0.6524593,0.6289708
937,2021-09-25,0.6538715,0.6306169
938,2021-09-26,0.6438742,0.62021786
939,2021-09-27,0.6460217,0.61511606
940,2021-09-28,0.6360024,0.61658823
941,2021-09-29,0.6329487,0.60894966
942,2021-09-30,0.6165194,0.591918
943,2021-10-01,0.6252891,0.5988831
944,2021-10-02,0.66297615,0.6330129
945,2021-10-03,0.69944006,0.67165464
946,2021-10-04,0.7237145,0.6909933
947,2021-10-05,0.72191364,0.6881727
948,2021-10-06,0.7297783,0.6963804
949,2021-10-07,0.74750316,0.71634656
950,2021-10-08,0.7616848,0.7291023
951,2021-10-09,0.762431,0.72968936
952,2021-10-10,0.7634654,0.73035634
953,2021-10-11,0.7514855,0.7145741
954,2021-10-12,0.7404272,0.7039197
955,2021-10-13,0.7382404,0.7062334
956,2021-10-14,0.7533487,0.71777534
957,2021-10-15,0.7740097,0.7383708
958,2021-10-16,0.79722124,0.76437104
959,2021-10-17,0.8125185,0.77710265
960,2021-10-18,0.81439227,0.77549446
961,2021-10-19,0.8021833,0.7638688
962,2021-10-20,0.8062164,0.7674016
963,2021-10-21,0.83490187,0.79305327
964,2021-10-22,0.8477702,0.8100011
965,2021-10-23,0.8488118,0.8107797
966,2021-10-24,0.85764647,0.81529176
967,2021-10-25,0.8567486,0.81342715
968,2021-10-26,0.86597043,0.81535536
969,2021-10-27,0.8567436,0.81706774
970,2021-10-28,0.85201335,0.81106216
971,2021-10-29,0.86513543,0.82156813
972,2021-10-30,0.8912256,0.8463195
973,2021-10-31,0.8982555,0.85889894
974,2021-11-01,0.90392506,0.8539156
975,2021-11-02,0.8923266,0.84459263
976,2021-11-03,0.91230184,0.86496943
977,2021-11-04,0.9334121,0.8875135
978,2021-11-05,0.9402408,0.8954429
979,2021-11-06,0.9374941,0.88902986
980,2021-11-07,0.9316854,0.88381004
981,2021-11-08,0.9401105,0.8876362
982,2021-11-09,0.95563895,0.8971298
983,2021-11-10,0.95655435,0.9096291
984,2021-11-11,0.9639998,0.91397566
985,2021-11-12,0.96433365,0.9121694
986,2021-11-13,0.9589373,0.91031003
987,2021-11-14,0.9582985,0.9088006
988,2021-11-15,0.9529364,0.89989626
989,2021-11-16,0.94136804,0.8878089
990,2021-11-17,0.90955645,0.8713381
991,2021-11-18,0.90437967,0.8585378
992,2021-11-19,0.86607707,0.8264641
993,2021-11-20,0.87568283,0.82881016
994,2021-11-21,0.8917947,0.84847647
995,2021-11-22,0.9011595,0.85539913
996,2021-11-23,0.8788434,0.8359317
997,2021-11-24,0.8854904,0.83848524
998,2021-11-25,0.8847602,0.84346074
999,2021-11-26,0.912794,0.8644906
1000,2021-11-27,0.8861358,0.8473252
1001,2021-11-28,0.87324363,0.829849
1002,2021-11-29,0.87399256,0.8256452
1003,2021-11-30,0.8901061,0.8393014
1004,2021-12-01,0.9190005,0.87270993
1005,2021-12-02,0.9401608,0.8961316
1006,2021-12-03,0.9446703,0.8975196
1007,2021-12-04,0.91333,0.8704939
1008,2021-12-05,0.8828051,0.8394333
1009,2021-12-06,0.87111026,0.83018136
1010,2021-12-07,0.8867077,0.8396795
1011,2021-12-08,0.888199,0.849146
1012,2021-12-09,0.90841806,0.86239004
1013,2021-12-10,0.89054507,0.84922355
1014,2021-12-11,0.8625709,0.8211503
1015,2021-12-12,0.8482669,0.80682826
1016,2021-12-13,0.85616416,0.81119895
1017,2021-12-14,0.8297169,0.78429806
1018,2021-12-15,0.8045984,0.76913124
1019,2021-12-16,0.8256888,0.7860463
1020,2021-12-17,0.83510786,0.79630303
1021,2021-12-18,0.83067566,0.7923925
1022,2021-12-19,0.83160794,0.7907752
1023,2021-12-20,0.8314777,0.78980464
1024,2021-12-21,0.8254923,0.779868
1025,2021-12-22,0.8239534,0.7837984
1026,2021-12-23,0.8359841,0.79565394
1027,2021-12-24,0.8473807,0.8041266
1028,2021-12-25,0.8478572,0.80804956
1029,2021-12-26,0.85559326,0.81197876
1030,2021-12-27,0.85360235,0.8109327
1031,2021-12-28,0.85120046,0.8012365
1032,2021-12-29,0.8163608,0.7814786
1033,2021-12-30,0.8033894,0.766934
1034,2021-12-31,0.78853506,0.7499196
1035,2022-01-01,0.7795387,0.7483993
1036,2022-01-02,0.7940017,0.75765735
1037,2022-01-03,0.8018242,0.7600148
1038,2022-01-04,0.79427296,0.75232226
1039,2022-01-05,0.7915445,0.7517905
1040,2022-01-06,0.7730042,0.7418862
1041,2022-01-07,0.75500786,0.7217033
1042,2022-01-08,0.7154327,0.6886858
1043,2022-01-09,0.6906532,0.66289854
1044,2022-01-10,0.6804631,0.649603
1045,2022-01-11,0.6651372,0.6362022
1046,2022-01-12,0.6733528,0.6445557
1047,2022-01-13,0.69812435,0.66766405
1048,2022-01-14,0.70189834,0.67452395
1049,2022-01-15,0.70803237,0.677337
1050,2022-01-16,0.7096172,0.6790999
1051,2022-01-17,0.7136803,0.6794244
1052,2022-01-18,0.69595045,0.6652093
1053,2022-01-19,0.6846922,0.65545344
1054,2022-01-20,0.67458844,0.64653414
1055,2022-01-21,0.661948,0.63744235
1056,2022-01-22,0.61050886,0.5931176
1057,2022-01-23,0.560135,0.5422841
1058,2022-01-24,0.5379207,0.5208071
1059,2022-01-25,0.53069526,0.51376843
1060,2022-01-26,0.531619,0.51497614
1061,2022-01-27,0.53187263,0.5148176
1062,2022-01-28,0.5268208,0.5113913
1063,2022-01-29,0.53792727,0.51881236
1064,2022-01-30,0.5497583,0.5311422
1065,2022-01-31,0.558704,0.53929037
1066,2022-02-01,0.5682363,0.545993
1067,2022-02-02,0.5836381,0.56281507
1068,2022-02-03,0.5876261,0.56844693
1069,2022-02-04,0.5832991,0.5607944
1070,2022-02-05,0.6034491,0.5791446
1071,2022-02-06,0.63053656,0.60764235
1072,2022-02-07,0.64839214,0.6217854
1073,2022-02-08,0.6584908,0.62469983
1074,2022-02-09,0.6569925,0.6338608
1075,2022-02-10,0.6840354,0.65426224
1076,2022-02-11,0.6752288,0.6497804
1077,2022-02-12,0.65341634,0.6312441
1078,2022-02-13,0.6395158,0.6139957
1079,2022-02-14,0.6277627,0.6013458
1080,2022-02-15,0.62466604,0.5960892
1081,2022-02-16,0.6419993,0.6159892
1082,2022-02-17,0.66387534,0.63869
1083,2022-02-18,0.6515191,0.626324
1084,2022-02-19,0.62198585,0.5979805
1085,2022-02-20,0.6031822,0.5804115
1086,2022-02-21,0.58461773,0.55918735
1087,2022-02-22,0.5628417,0.5418451
1088,2022-02-23,0.5614134,0.5419471
1089,2022-02-24,0.5636843,0.54322034
1090,2022-02-25,0.5589258,0.53910834
1091,2022-02-26,0.5765311,0.5567977
1092,2022-02-27,0.59512603,0.5742915
1093,2022-02-28,0.58571404,0.5636059
1094,2022-03-01,0.5965036,0.5677285
1095,2022-03-02,0.6114583,0.59038013
1096,2022-03-03,0.6350975,0.6116818
1097,2022-03-04,0.6271535,0.6039376
1098,2022-03-05,0.59588295,0.5751178
1099,2022-03-06,0.5813148,0.55869985
1100,2022-03-07,0.5680788,0.5457051
1101,2022-03-08,0.54774034,0.524224
1102,2022-03-09,0.5398755,0.52213067
1103,2022-03-10,0.56638926,0.545066
1104,2022-03-11,0.5689885,0.54959476
1105,2022-03-12,0.56411606,0.54372936
1106,2022-03-13,0.55951244,0.5375768
1107,2022-03-14,0.54680103,0.522488
1108,2022-03-15,0.53781295,0.5153612
1109,2022-03-16,0.54756844,0.5271266
1110,2022-03-17,0.57263553,0.5533785
1111,2022-03-18,0.59653926,0.5739746
1112,2022-03-19,0.61599463,0.59111685
1113,2022-03-20,0.62599766,0.6035406
1114,2022-03-21,0.62846696,0.6042579
1115,2022-03-22,0.6239262,0.59190965
1116,2022-03-23,0.6180391,0.594875
1117,2022-03-24,0.6395057,0.61617434
1118,2022-03-25,0.6569572,0.62828195
1119,2022-03-26,0.6605823,0.63517934
1120,2022-03-27,0.6720258,0.6448897
1121,2022-03-28,0.68687904,0.64869875
1122,2022-03-29,0.6870091,0.65388787
1123,2022-03-30,0.70524114,0.67725086
1124,2022-03-31,0.7220093,0.6923687
1125,2022-04-01,0.7160394,0.68686396
1126,2022-04-02,0.7234208,0.6900511
1127,2022-04-03,0.7290079,0.699074
1128,2022-04-04,0.745603,0.7100566
1129,2022-04-05,0.7453796,0.7076256
1130,2022-04-06,0.7331827,0.70111537
1131,2022-04-07,0.7104052,0.68144095
1132,2022-04-08,0.6974476,0.66679204
1133,2022-04-09,0.68720514,0.6596705
1134,2022-04-10,0.69300336,0.6618025
1135,2022-04-11,0.6897207,0.65641296
1136,2022-04-12,0.6608658,0.6290404
1137,2022-04-13,0.643128,0.61942625
1138,2022-04-14,0.65951115,0.629854
1139,2022-04-15,0.6524754,0.6265593
1140,2022-04-16,0.6526318,0.6240233
1141,2022-04-17,0.6514917,0.62423277
1142,2022-04-18,0.65128464,0.6233753
1143,2022-04-19,0.64991623,0.6197841
1144,2022-04-20,0.65199417,0.6257671
1145,2022-04-21,0.6597772,0.6333206
1146,2022-04-22,0.6529457,0.62975013
1147,2022-04-23,0.6474363,0.62003165
1148,2022-04-24,0.63718224,0.6118588
1149,2022-04-25,0.6328897,0.6009921
1150,2022-04-26,0.624054,0.5935115
1151,2022-04-27,0.6114545,0.5937822
1152,2022-04-28,0.6243184,0.59780246
1153,2022-04-29,0.62130487,0.5967512
1154,2022-04-30,0.61604327,0.5940947
1155,2022-05-01,0.60818595,0.587063
1156,2022-05-02,0.60592544,0.5791157
1157,2022-05-03,0.6030829,0.58059615
1158,2022-05-04,0.60570276,0.5854716
1159,2022-05-05,0.62058204,0.59626484
1160,2022-05-06,0.6082616,0.58848023
1161,2022-05-07,0.59800893,0.5751472
1162,2022-05-08,0.5783075,0.5590394
1163,2022-05-09,0.5623942,0.5400748
1164,2022-05-10,0.52190477,0.5061956
1165,2022-05-11,0.5076808,0.49226326
1166,2022-05-12,0.47863847,0.4693326
1167,2022-05-13,0.45118773,0.44098726
1168,2022-05-14,0.4401815,0.42780963
1169,2022-05-15,0.44147822,0.43089703
1170,2022-05-16,0.4548141,0.4399761
1171,2022-05-17,0.4446369,0.4320742
1172,2022-05-18,0.44701743,0.43543404
1173,2022-05-19,0.4361281,0.4260061
1174,2022-05-20,0.43409178,0.42083222
1175,2022-05-21,0.42632648,0.4167566
1176,2022-05-22,0.43035305,0.41875172
1177,2022-05-23,0.43400142,0.4183064
1178,2022-05-24,0.4242332,0.4123337
1179,2022-05-25,0.4267793,0.41585034
1180,2022-05-26,0.42679748,0.41515285
1181,2022-05-27,0.40845066,0.39734522
1182,2022-05-28,0.38761342,0.3802761
1183,2022-05-29,0.38709587,0.37762353
1184,2022-05-30,0.3873896,0.37603167
1185,2022-05-31,0.4030913,0.3886773
1186,2022-06-01,0.41149428,0.40309814
1187,2022-06-02,0.41116092,0.40255666
1188,2022-06-03,0.40283966,0.39184275
1189,2022-06-04,0.39117703,0.3826439
1190,2022-06-05,0.39112237,0.38003632
1191,2022-06-06,0.3867122,0.3741793
1192,2022-06-07,0.38536048,0.37294316
1193,2022-06-08,0.38545072,0.3775956
1194,2022-06-09,0.39138573,0.38175377
1195,2022-06-10,0.38816786,0.37763634
1196,2022-06-11,0.37226573,0.36413845
1197,2022-06-12,0.3514322,0.34561673
1198,2022-06-13,0.3311461,0.3256484
1199,2022-06-14,0.2923794,0.29034525
1200,2022-06-15,0.27008393,0.26621604
1201,2022-06-16,0.260954,0.25746745
1202,2022-06-17,0.24702843,0.2464517
1203,2022-06-18,0.23979843,0.23590912
1204,2022-06-19,0.22185336,0.22135253
1205,2022-06-20,0.23105696,0.22637181
1206,2022-06-21,0.23283803,0.23170064
1207,2022-06-22,0.24086839,0.23771942
1208,2022-06-23,0.23390467,0.23196334
1209,2022-06-24,0.23749562,0.2331673
1210,2022-06-25,0.24785684,0.24427627
1211,2022-06-26,0.2601984,0.25688687
1212,2022-06-27,0.2617872,0.25761762
1213,2022-06-28,0.25601456,0.2508856
1214,2022-06-29,0.248209,0.245849
1215,2022-06-30,0.24292977,0.23974451
1216,2022-07-01,0.23059507,0.22969916
1217,2022-07-02,0.22884616,0.22544438
1218,2022-07-03,0.22751264,0.22492681
1219,2022-07-04,0.22856985,0.22502697
1220,2022-07-05,0.2312043,0.22587396
1221,2022-07-06,0.23465417,0.23242567
1222,2022-07-07,0.24804085,0.24384226
1223,2022-07-08,0.25440896,0.25057638
1224,2022-07-09,0.26118878,0.2584352
1225,2022-07-10,0.2648235,0.26072317
1226,2022-07-11,0.25478283,0.24985722
1227,2022-07-12,0.23961133,0.23616385
1228,2022-07-13,0.22947484,0.22673222
1229,2022-07-14,0.22920379,0.22592059
1230,2022-07-15,0.24032032,0.23662853
1231,2022-07-16,0.25484082,0.25089756
1232,2022-07-17,0.27381462,0.26917526
1233,2022-07-18,0.28481978,0.280323
1234,2022-07-19,0.30547744,0.2976497
1235,2022-07-20,0.31995475,0.31560403
1236,2022-07-21,0.33281806,0.32717857
1237,2022-07-22,0.33615208,0.32872298
1238,2022-07-23,0.33379847,0.3293114
1239,2022-07-24,0.33720085,0.3289271
1240,2022-07-25,0.3367044,0.3269227
1241,2022-07-26,0.32161707,0.31515956
1242,2022-07-27,0.31058562,0.30514804
1243,2022-07-28,0.3269852,0.31776232
1244,2022-07-29,0.3498751,0.34272158
1245,2022-07-30,0.36980772,0.36255974
1246,2022-07-31,0.37257263,0.36495602
1247,2022-08-01,0.3678058,0.35699797
1248,2022-08-02,0.35225284,0.34233057
1249,2022-08-03,0.3477159,0.34025428
1250,2022-08-04,0.35055342,0.34277967
1251,2022-08-05,0.34691572,0.33870235
1252,2022-08-06,0.35485032,0.3446945
1253,2022-08-07,0.36144516,0.35381427
1254,2022-08-08,0.3662464,0.35546875
1255,2022-08-09,0.36838076,0.35822514
1256,2022-08-10,0.36847726,0.3610631
1257,2022-08-11,0.38411054,0.3720983
1258,2022-08-12,0.39335963,0.3852137
1259,2022-08-13,0.41192153,0.40074155
1260,2022-08-14,0.42048457,0.40819263
1261,2022-08-15,0.42115945,0.40929738
1262,2022-08-16,0.4135788,0.40035424
1263,2022-08-17,0.4044758,0.39471534
1264,2022-08-18,0.40124136,0.38987988
1265,2022-08-19,0.3983869,0.3892385
1266,2022-08-20,0.37722772,0.36993158
1267,2022-08-21,0.3558038,0.34770513
1268,2022-08-22,0.34668168,0.33669564
1269,2022-08-23,0.33918124,0.33077148
1270,2022-08-24,0.34436783,0.33521673
1271,2022-08-25,0.35138252,0.34297153
1272,2022-08-26,0.3586593,0.349332
1273,2022-08-27,0.3443969,0.33882523
1274,2022-08-28,0.33178455,0.32438153
1275,2022-08-29,0.31730956,0.31134588
1276,2022-08-30,0.32074237,0.31263465
1277,2022-08-31,0.32448354,0.31960428
1278,2022-09-01,0.3336891,0.32637882
1279,2022-09-02,0.33631355,0.32926342
1280,2022-09-03,0.338478,0.33188066
1281,2022-09-04,0.3391357,0.3328344
1282,2022-09-05,0.3393475,0.3296427
1283,2022-09-06,0.33300975,0.32277575
1284,2022-09-07,0.32908788,0.32261845
1285,2022-09-08,0.34445953,0.33757222
1286,2022-09-09,0.3506819,0.3438515
1287,2022-09-10,0.3609486,0.35177952
1288,2022-09-11,0.37318698,0.3644153
1289,2022-09-12,0.37818858,0.36768278
1290,2022-09-13,0.3680503,0.35728619
1291,2022-09-14,0.3518877,0.34685922
1292,2022-09-15,0.35410848,0.34615928
1293,2022-09-16,0.33513308,0.33264655
1294,2022-09-17,0.32463682,0.31888863
1295,2022-09-18,0.3168275,0.31102857
1296,2022-09-19,0.3023371,0.2974881
1297,2022-09-20,0.29569227,0.28810555
1298,2022-09-21,0.28686073,0.28409576
1299,2022-09-22,0.28039506,0.27680323
1300,2022-09-23,0.27943283,0.27385423
1301,2022-09-24,0.28120014,0.27732363
1302,2022-09-25,0.28542686,0.28097057
1303,2022-09-26,0.2805488,0.2745051
1304,2022-09-27,0.27682596,0.27046156
1305,2022-09-28,0.27920043,0.2751682
1306,2022-09-29,0.28617105,0.28138244
1307,2022-09-30,0.28547218,0.28023747
1308,2022-10-01,0.28426862,0.2801609
1309,2022-10-02,0.28524533,0.28041065
1310,2022-10-03,0.27914733,0.2732469
1311,2022-10-04,0.27336898,0.26638156
1312,2022-10-05,0.27813426,0.27382487
1313,2022-10-06,0.28825048,0.28245637
1314,2022-10-07,0.2865722,0.28017414
1315,2022-10-08,0.28364933,0.27875203
1316,2022-10-09,0.28411433,0.27893466
1317,2022-10-10,0.28323594,0.27586386
1318,2022-10-11,0.26708424,0.26146033
1319,2022-10-12,0.2592231,0.2547446
1320,2022-10-13,0.27127612,0.26625547
1321,2022-10-14,0.27281046,0.26728958
1322,2022-10-15,0.27402568,0.27004024
1323,2022-10-16,0.27663863,0.2717604
1324,2022-10-17,0.27411768,0.26703903
1325,2022-10-18,0.26999617,0.26383266
1326,2022-10-19,0.27341047,0.26903892
1327,2022-10-20,0.27684927,0.27193528
1328,2022-10-21,0.27409166,0.26869714
1329,2022-10-22,0.27333462,0.26784214
1330,2022-10-23,0.27778077,0.2729717
1331,2022-10-24,0.28352803,0.27614534
1332,2022-10-25,0.2791355,0.2734762
1333,2022-10-26,0.2945202,0.2879307
1334,2022-10-27,0.31728116,0.3113811
1335,2022-10-28,0.32772973,0.32324207
1336,2022-10-29,0.33481678,0.32707697
1337,2022-10-30,0.33898115,0.33135107
1338,2022-10-31,0.34182617,0.33469203
1339,2022-11-01,0.33941385,0.33053902
1340,2022-11-02,0.33590618,0.3287238
1341,2022-11-03,0.33155224,0.3244832
1342,2022-11-04,0.32859385,0.3215572
1343,2022-11-05,0.34012398,0.33108267
1344,2022-11-06,0.3469486,0.3406011
1345,2022-11-07,0.34738466,0.33818978
1346,2022-11-08,0.33546296,0.32756323
1347,2022-11-09,0.3105334,0.30879816
1348,2022-11-10,0.27673325,0.27443218
1349,2022-11-11,0.27067912,0.26359275
1350,2022-11-12,0.2683368,0.26771307
1351,2022-11-13,0.27553245,0.2719674
1352,2022-11-14,0.2680259,0.26417893
1353,2022-11-15,0.26435286,0.26114807
1354,2022-11-16,0.26605624,0.26224092
1355,2022-11-17,0.26384276,0.26043817
1356,2022-11-18,0.2609676,0.25726315
1357,2022-11-19,0.25909546,0.255226
1358,2022-11-20,0.2598614,0.25591716
1359,2022-11-21,0.252196,0.24896039
1360,2022-11-22,0.24198163,0.23757271
1361,2022-11-23,0.23873492,0.23605695
1362,2022-11-24,0.2464998,0.24327242
1363,2022-11-25,0.2523457,0.24827491
1364,2022-11-26,0.25430018,0.2501502
1365,2022-11-27,0.25539598,0.2510983
1366,2022-11-28,0.25522014,0.25035533
1367,2022-11-29,0.24852416,0.24381523
1368,2022-11-30,0.2515882,0.24771048
1369,2022-12-01,0.26522398,0.2604136
1370,2022-12-02,0.27080616,0.2670461
1371,2022-12-03,0.27478403,0.26920703
1372,2022-12-04,0.27014658,0.26607412
1373,2022-12-05,0.26889598,0.26203808
1374,2022-12-06,0.2611996,0.25632346
1375,2022-12-07,0.2644088,0.25986552
1376,2022-12-08,0.26429665,0.26023942
1377,2022-12-09,0.2701643,0.2654252
1378,2022-12-10,0.27014324,0.26539433
1379,2022-12-11,0.27095523,0.26603186
1380,2022-12-12,0.26879013,0.2627156
1381,2022-12-13,0.25972578,0.2535932
1382,2022-12-14,0.26402742,0.25915387
1383,2022-12-15,0.27725562,0.27378714
1384,2022-12-16,0.2775166,0.27302927
1385,2022-12-17,0.26255998,0.2585754
1386,2022-12-18,0.25547528,0.25143
1387,2022-12-19,0.25356185,0.24910626
1388,2022-12-20,0.24641514,0.24164978
1389,2022-12-21,0.24741843,0.24221122
1390,2022-12-22,0.25344855,0.24996506
1391,2022-12-23,0.2583543,0.25344902
1392,2022-12-24,0.25617522,0.25104094
1393,2022-12-25,0.25974452,0.25479552
1394,2022-12-26,0.25547618,0.2505219
1395,2022-12-27,0.24395348,0.24021702
1396,2022-12-28,0.24492675,0.2404857
1397,2022-12-29,0.24679042,0.24260244
1398,2022-12-30,0.250648,0.24590157
1399,2022-12-31,0.2513376,0.24675944
1400,2023-01-01,0.25230703,0.24802397
1401,2023-01-02,0.25514314,0.25009957
1402,2023-01-03,0.2511672,0.24592888
1403,2023-01-04,0.24653581,0.24226828
1404,2023-01-05,0.25368798,0.24758016
1405,2023-01-06,0.25894445,0.255742
1406,2023-01-07,0.26885405,0.263205
1407,2023-01-08,0.26855507,0.26312277
1408,2023-01-09,0.26414812,0.25827762
1409,2023-01-10,0.26265916,0.2566883
1410,2023-01-11,0.27537996,0.2707586
1411,2023-01-12,0.2863267,0.2808304
1412,2023-01-13,0.29317698,0.28583127
1413,2023-01-14,0.30161726,0.29609716
1414,2023-01-15,0.319192,0.3117865
1415,2023-01-16,0.32991514,0.3238215
1416,2023-01-17,0.33469275,0.32384846
1417,2023-01-18,0.3281939,0.32200888
1418,2023-01-19,0.3323184,0.3255494
1419,2023-01-20,0.3317293,0.3240171
1420,2023-01-21,0.34127584,0.3322178
1421,2023-01-22,0.3476532,0.3403976
1422,2023-01-23,0.35178503,0.34247997
1423,2023-01-24,0.34576297,0.3357051
1424,2023-01-25,0.33542788,0.32884905
1425,2023-01-26,0.33998978,0.33146915
1426,2023-01-27,0.341351,0.33402184
1427,2023-01-28,0.3428908,0.33355406
1428,2023-01-29,0.33671382,0.32913652
1429,2023-01-30,0.34308866,0.3324792
1430,2023-01-31,0.33399194,0.32636562
1431,2023-02-01,0.33689308,0.3291734
1432,2023-02-02,0.34455708,0.33539256
1433,2023-02-03,0.34814703,0.33990562
1434,2023-02-04,0.35402057,0.3458539
1435,2023-02-05,0.35857788,0.3499019
1436,2023-02-06,0.3544328,0.34506446
1437,2023-02-07,0.34678796,0.33715174
1438,2023-02-08,0.34695098,0.3376942
1439,2023-02-09,0.35060558,0.34287098
1440,2023-02-10,0.34325036,0.33671072
1441,2023-02-11,0.33305618,0.32517782
1442,2023-02-12,0.32944447,0.3226608
1443,2023-02-13,0.3284505,0.3199359
1444,2023-02-14,0.31703615,0.30790177
1445,2023-02-15,0.3181308,0.31165746
1446,2023-02-16,0.34216297,0.33317113
1447,2023-02-17,0.34976137,0.34286177
1448,2023-02-18,0.36076334,0.351607
1449,2023-02-19,0.3619955,0.3523726
1450,2023-02-20,0.3594691,0.34915376
1451,2023-02-21,0.35679424,0.34630492
1452,2023-02-22,0.35321382,0.3453407
1453,2023-02-23,0.35349545,0.34476304
1454,2023-02-24,0.35248584,0.34389824
1455,2023-02-25,0.34871897,0.34036925
1456,2023-02-26,0.34451807,0.33613247
1457,2023-02-27,0.34470463,0.3342891
