,date,testY0,testY1
0,2019-07-03,0.059665248,0.05577171
1,2019-07-04,0.05577171,0.056512617
2,2019-07-05,0.056512617,0.056414053
3,2019-07-06,0.056414053,0.060215905
4,2019-07-07,0.060215905,0.06175539
5,2019-07-08,0.06175539,0.060822673
6,2019-07-09,0.060822673,0.05695162
7,2019-07-10,0.05695162,0.052437864
8,2019-07-11,0.052437864,0.054068126
9,2019-07-12,0.054068126,0.052686326
10,2019-07-13,0.052686326,0.044066764
11,2019-07-14,0.044066764,0.04444965
12,2019-07-15,0.04444965,0.03809146
13,2019-07-16,0.03809146,0.040590547
14,2019-07-17,0.040590547,0.0437204
15,2019-07-18,0.0437204,0.04261376
16,2019-07-19,0.04261376,0.044224463
17,2019-07-20,0.044224463,0.043544836
18,2019-07-21,0.043544836,0.04185033
19,2019-07-22,0.04185033,0.040855236
20,2019-07-23,0.040855236,0.041767932
21,2019-07-24,0.041767932,0.04229307
22,2019-07-25,0.04229307,0.04229498
23,2019-07-26,0.04229498,0.039698884
24,2019-07-27,0.039698884,0.04048448
25,2019-07-28,0.04048448,0.040530577
26,2019-07-29,0.040530577,0.040370293
27,2019-07-30,0.040370293,0.042077474
28,2019-07-31,0.042077474,0.041901372
29,2019-08-01,0.041901372,0.041914523
30,2019-08-02,0.041914523,0.042876273
31,2019-08-03,0.042876273,0.04291363
32,2019-08-04,0.04291363,0.045317687
33,2019-08-05,0.045317687,0.043611385
34,2019-08-06,0.043611385,0.043688506
35,2019-08-07,0.043688506,0.042553842
36,2019-08-08,0.042553842,0.040377244
37,2019-08-09,0.040377244,0.03959527
38,2019-08-10,0.03959527,0.041544147
39,2019-08-11,0.041544147,0.040543653
40,2019-08-12,0.040543653,0.039984748
41,2019-08-13,0.039984748,0.03542029
42,2019-08-14,0.03542029,0.035828575
43,2019-08-15,0.035828575,0.03518045
44,2019-08-16,0.03518045,0.035244882
45,2019-08-17,0.035244882,0.037059575
46,2019-08-18,0.037059575,0.03877894
47,2019-08-19,0.03877894,0.037489705
48,2019-08-20,0.037489705,0.035473965
49,2019-08-21,0.035473965,0.03634136
50,2019-08-22,0.03634136,0.03708365
51,2019-08-23,0.03708365,0.036367998
52,2019-08-24,0.036367998,0.03543113
53,2019-08-25,0.03543113,0.035892256
54,2019-08-26,0.035892256,0.035589375
55,2019-08-27,0.035589375,0.032770634
56,2019-08-28,0.032770634,0.03183998
57,2019-08-29,0.03183998,0.031714752
58,2019-08-30,0.031714752,0.03245823
59,2019-08-31,0.03245823,0.03229981
60,2019-09-01,0.03229981,0.033686645
61,2019-09-02,0.033686645,0.03392282
62,2019-09-03,0.03392282,0.03318867
63,2019-09-04,0.03318867,0.0328151
64,2019-09-05,0.0328151,0.03193701
65,2019-09-06,0.03193701,0.03367099
66,2019-09-07,0.03367099,0.034312308
67,2019-09-08,0.034312308,0.03428115
68,2019-09-09,0.03428115,0.03399518
69,2019-09-10,0.03399518,0.033779517
70,2019-09-11,0.033779517,0.034231745
71,2019-09-12,0.034231745,0.03430379
72,2019-09-13,0.03430379,0.035708673
73,2019-09-14,0.035708673,0.036046192
74,2019-09-15,0.036046192,0.037592374
75,2019-09-16,0.037592374,0.039869517
76,2019-09-17,0.039869517,0.040535152
77,2019-09-18,0.040535152,0.042580448
78,2019-09-19,0.042580448,0.041919895
79,2019-09-20,0.041919895,0.041417897
80,2019-09-21,0.041417897,0.04063218
81,2019-09-22,0.04063218,0.038576737
82,2019-09-23,0.038576737,0.03155768
83,2019-09-24,0.03155768,0.032103933
84,2019-09-25,0.032103933,0.031249115
85,2019-09-26,0.031249115,0.032921
86,2019-09-27,0.032921,0.032906823
87,2019-09-28,0.032906823,0.03204239
88,2019-09-29,0.03204239,0.034072146
89,2019-09-30,0.034072146,0.033450574
90,2019-10-01,0.033450574,0.034175135
91,2019-10-02,0.034175135,0.03303711
92,2019-10-03,0.03303711,0.033392742
93,2019-10-04,0.033392742,0.033271566
94,2019-10-05,0.033271566,0.032558583
95,2019-10-06,0.032558583,0.034260437
96,2019-10-07,0.034260437,0.034452617
97,2019-10-08,0.034452617,0.03677535
98,2019-10-09,0.03677535,0.03649544
99,2019-10-10,0.03649544,0.034570888
100,2019-10-11,0.034570888,0.034248583
101,2019-10-12,0.034248583,0.034462444
102,2019-10-13,0.034462444,0.035459667
103,2019-10-14,0.035459667,0.0343351
104,2019-10-15,0.0343351,0.03327124
105,2019-10-16,0.03327124,0.03362702
106,2019-10-17,0.03362702,0.032683805
107,2019-10-18,0.032683805,0.032542028
108,2019-10-19,0.032542028,0.033072844
109,2019-10-20,0.033072844,0.03295672
110,2019-10-21,0.03295672,0.032425985
111,2019-10-22,0.032425985,0.030310364
112,2019-10-23,0.030310364,0.030325817
113,2019-10-24,0.030325817,0.034307137
114,2019-10-25,0.034307137,0.034011506
115,2019-10-26,0.034011506,0.034972027
116,2019-10-27,0.034972027,0.034678444
117,2019-10-28,0.034678444,0.03616298
118,2019-10-29,0.03616298,0.03501659
119,2019-10-30,0.03501659,0.034835957
120,2019-10-31,0.034835957,0.03486237
121,2019-11-01,0.03486237,0.034837298
122,2019-11-02,0.034837298,0.034519993
123,2019-11-03,0.034519993,0.035340875
124,2019-11-04,0.035340875,0.036037378
125,2019-11-05,0.036037378,0.036444396
126,2019-11-06,0.036444396,0.035707712
127,2019-11-07,0.035707712,0.034932785
128,2019-11-08,0.034932785,0.035068884
129,2019-11-09,0.035068884,0.036008023
130,2019-11-10,0.036008023,0.035167024
131,2019-11-11,0.035167024,0.035445943
132,2019-11-12,0.035445943,0.0357508
133,2019-11-13,0.0357508,0.0352844
134,2019-11-14,0.0352844,0.034128852
135,2019-11-15,0.034128852,0.03472521
136,2019-11-16,0.03472521,0.035085663
137,2019-11-17,0.035085663,0.034151606
138,2019-11-18,0.034151606,0.033489287
139,2019-11-19,0.033489287,0.033138588
140,2019-11-20,0.033138588,0.030169858
141,2019-11-21,0.030169858,0.027868649
142,2019-11-22,0.027868649,0.028483538
143,2019-11-23,0.028483538,0.026458733
144,2019-11-24,0.026458733,0.027049718
145,2019-11-25,0.027049718,0.027577933
146,2019-11-26,0.027577933,0.028427796
147,2019-11-27,0.028427796,0.0281189
148,2019-11-28,0.0281189,0.028872589
149,2019-11-29,0.028872589,0.028306114
150,2019-11-30,0.028306114,0.028035557
151,2019-12-01,0.028035557,0.027593603
152,2019-12-02,0.027593603,0.027375083
153,2019-12-03,0.027375083,0.027100142
154,2019-12-04,0.027100142,0.027633952
155,2019-12-05,0.027633952,0.027587203
156,2019-12-06,0.027587203,0.027526543
157,2019-12-07,0.027526543,0.028057741
158,2019-12-08,0.028057741,0.027424872
159,2019-12-09,0.027424872,0.026989413
160,2019-12-10,0.026989413,0.026454268
161,2019-12-11,0.026454268,0.026859531
162,2019-12-12,0.026859531,0.026726332
163,2019-12-13,0.026726332,0.02629606
164,2019-12-14,0.02629606,0.026342431
165,2019-12-15,0.026342431,0.024395324
166,2019-12-16,0.024395324,0.021925796
167,2019-12-17,0.021925796,0.02421892
168,2019-12-18,0.02421892,0.023479704
169,2019-12-19,0.023479704,0.02343343
170,2019-12-20,0.02343343,0.023222568
171,2019-12-21,0.023222568,0.024124874
172,2019-12-22,0.024124874,0.023327177
173,2019-12-23,0.023327177,0.023399232
174,2019-12-24,0.023399232,0.022920717
175,2019-12-25,0.022920717,0.022866813
176,2019-12-26,0.022866813,0.023054946
177,2019-12-27,0.023054946,0.023269802
178,2019-12-28,0.023269802,0.024593003
179,2019-12-29,0.024593003,0.024175394
180,2019-12-30,0.024175394,0.023538182
181,2019-12-31,0.023538182,0.023753908
182,2020-01-01,0.023753908,0.023080964
183,2020-01-02,0.023080964,0.024482924
184,2020-01-03,0.024482924,0.024675924
185,2020-01-04,0.024675924,0.024917575
186,2020-01-05,0.024917575,0.026569437
187,2020-01-06,0.026569437,0.026470108
188,2020-01-07,0.026470108,0.025990566
189,2020-01-08,0.025990566,0.025479827
190,2020-01-09,0.025479827,0.026524855
191,2020-01-10,0.026524855,0.026316348
192,2020-01-11,0.026316348,0.026891295
193,2020-01-12,0.026891295,0.026617227
194,2020-01-13,0.026617227,0.031104116
195,2020-01-14,0.031104116,0.031161448
196,2020-01-15,0.031161448,0.030778376
197,2020-01-16,0.030778376,0.03210873
198,2020-01-17,0.03210873,0.033063605
199,2020-01-18,0.033063605,0.031315364
200,2020-01-19,0.031315364,0.03134673
201,2020-01-20,0.03134673,0.031883262
202,2020-01-21,0.031883262,0.031591117
203,2020-01-22,0.031591117,0.030473853
204,2020-01-23,0.030473853,0.030499386
205,2020-01-24,0.030499386,0.030131398
206,2020-01-25,0.030131398,0.031545922
207,2020-01-26,0.031545922,0.032140158
208,2020-01-27,0.032140158,0.033272803
209,2020-01-28,0.033272803,0.032997943
210,2020-01-29,0.032997943,0.035005294
211,2020-01-30,0.035005294,0.034061953
212,2020-01-31,0.034061953,0.034793623
213,2020-02-01,0.034793623,0.035823017
214,2020-02-02,0.035823017,0.03608278
215,2020-02-03,0.03608278,0.035954833
216,2020-02-04,0.035954833,0.03907401
217,2020-02-05,0.03907401,0.0407625
218,2020-02-06,0.0407625,0.042908877
219,2020-02-07,0.042908877,0.043070048
220,2020-02-08,0.043070048,0.044144638
221,2020-02-09,0.044144638,0.04310807
222,2020-02-10,0.04310807,0.04566916
223,2020-02-11,0.04566916,0.051740833
224,2020-02-12,0.051740833,0.052325524
225,2020-02-13,0.052325524,0.05583088
226,2020-02-14,0.05583088,0.051590674
227,2020-02-15,0.051590674,0.050878093
228,2020-02-16,0.050878093,0.052065134
229,2020-02-17,0.052065134,0.05521056
230,2020-02-18,0.05521056,0.05082736
231,2020-02-19,0.05082736,0.050351225
232,2020-02-20,0.050351225,0.051859975
233,2020-02-21,0.051859975,0.051131748
234,2020-02-22,0.051131748,0.053488716
235,2020-02-23,0.053488716,0.051746562
236,2020-02-24,0.051746562,0.048326954
237,2020-02-25,0.048326954,0.04361727
238,2020-02-26,0.04361727,0.043526806
239,2020-02-27,0.043526806,0.043829545
240,2020-02-28,0.043829545,0.04238659
241,2020-02-29,0.04238659,0.042101562
242,2020-03-01,0.042101562,0.04454638
243,2020-03-02,0.04454638,0.043304496
244,2020-03-03,0.043304496,0.043251514
245,2020-03-04,0.043251514,0.044175535
246,2020-03-05,0.044175535,0.047194906
247,2020-03-06,0.047194906,0.04604554
248,2020-03-07,0.04604554,0.038570575
249,2020-03-08,0.038570575,0.038441807
250,2020-03-09,0.038441807,0.038396522
251,2020-03-10,0.038396522,0.03711325
252,2020-03-11,0.03711325,0.019704754
253,2020-03-12,0.019704754,0.024227934
254,2020-03-13,0.024227934,0.022245895
255,2020-03-14,0.022245895,0.022621764
256,2020-03-15,0.022621764,0.019575143
257,2020-03-16,0.019575143,0.020316854
258,2020-03-17,0.020316854,0.020395614
259,2020-03-18,0.020395614,0.025030158
260,2020-03-19,0.025030158,0.024049731
261,2020-03-20,0.024049731,0.024155881
262,2020-03-21,0.024155881,0.022223555
263,2020-03-22,0.022223555,0.024573196
264,2020-03-23,0.024573196,0.025442963
265,2020-03-24,0.025442963,0.024885632
266,2020-03-25,0.024885632,0.025361618
267,2020-03-26,0.025361618,0.024461148
268,2020-03-27,0.024461148,0.023828804
269,2020-03-28,0.023828804,0.022727504
270,2020-03-29,0.022727504,0.02425339
271,2020-03-30,0.02425339,0.024399435
272,2020-03-31,0.024399435,0.024658544
273,2020-04-01,0.024658544,0.026041396
274,2020-04-02,0.026041396,0.026107065
275,2020-04-03,0.026107065,0.026819192
276,2020-04-04,0.026819192,0.026455076
277,2020-04-05,0.026455076,0.03170044
278,2020-04-06,0.03170044,0.030964727
279,2020-04-07,0.030964727,0.03250783
280,2020-04-08,0.03250783,0.032125972
281,2020-04-09,0.032125972,0.029518096
282,2020-04-10,0.029518096,0.029446682
283,2020-04-11,0.029446682,0.03012638
284,2020-04-12,0.03012638,0.029098483
285,2020-04-13,0.029098483,0.029335404
286,2020-04-14,0.029335404,0.028463377
287,2020-04-15,0.028463377,0.03237115
288,2020-04-16,0.03237115,0.032272324
289,2020-04-17,0.032272324,0.035434395
290,2020-04-18,0.035434395,0.034346603
291,2020-04-19,0.034346603,0.03235144
292,2020-04-20,0.03235144,0.032488033
293,2020-04-21,0.032488033,0.034565598
294,2020-04-22,0.034565598,0.035059236
295,2020-04-23,0.035059236,0.035966396
296,2020-04-24,0.035966396,0.037246384
297,2020-04-25,0.037246384,0.037636757
298,2020-04-26,0.037636757,0.037620634
299,2020-04-27,0.037620634,0.037863202
300,2020-04-28,0.037863202,0.041726418
301,2020-04-29,0.041726418,0.039735757
302,2020-04-30,0.039735757,0.041122526
303,2020-05-01,0.041122526,0.041387506
304,2020-05-02,0.041387506,0.040480174
305,2020-05-03,0.040480174,0.039919563
306,2020-05-04,0.039919563,0.039579086
307,2020-05-05,0.039579086,0.039034583
308,2020-05-06,0.039034583,0.04086352
309,2020-05-07,0.04086352,0.040916406
310,2020-05-08,0.040916406,0.04058723
311,2020-05-09,0.04058723,0.03581927
312,2020-05-10,0.03581927,0.03523486
313,2020-05-11,0.03523486,0.03595908
314,2020-05-12,0.03595908,0.038035244
315,2020-05-13,0.038035244,0.03882675
316,2020-05-14,0.03882675,0.03727302
317,2020-05-15,0.03727302,0.038343355
318,2020-05-16,0.038343355,0.039682403
319,2020-05-17,0.039682403,0.0412089
320,2020-05-18,0.0412089,0.040988453
321,2020-05-19,0.040988453,0.04027719
322,2020-05-20,0.04027719,0.03816603
323,2020-05-21,0.03816603,0.039691426
324,2020-05-22,0.039691426,0.040041678
325,2020-05-23,0.040041678,0.03873477
326,2020-05-24,0.03873477,0.03931603
327,2020-05-25,0.03931603,0.038572975
328,2020-05-26,0.038572975,0.04003057
329,2020-05-27,0.04003057,0.042280644
330,2020-05-28,0.042280644,0.042522624
331,2020-05-29,0.042522624,0.04700195
332,2020-05-30,0.04700195,0.044632822
333,2020-05-31,0.044632822,0.047971077
334,2020-06-01,0.047971077,0.045945935
335,2020-06-02,0.045945935,0.04735753
336,2020-06-03,0.04735753,0.047439612
337,2020-06-04,0.047439612,0.04678315
338,2020-06-05,0.04678315,0.04689502
339,2020-06-06,0.04689502,0.04756686
340,2020-06-07,0.04756686,0.047857404
341,2020-06-08,0.047857404,0.04751403
342,2020-06-09,0.04751403,0.048060603
343,2020-06-10,0.048060603,0.04482442
344,2020-06-11,0.04482442,0.04598789
345,2020-06-12,0.04598789,0.04631678
346,2020-06-13,0.04631678,0.045296796
347,2020-06-14,0.045296796,0.044472262
348,2020-06-15,0.044472262,0.045386016
349,2020-06-16,0.045386016,0.045082927
350,2020-06-17,0.045082927,0.044858918
351,2020-06-18,0.044858918,0.04383885
352,2020-06-19,0.04383885,0.044260934
353,2020-06-20,0.044260934,0.044201016
354,2020-06-21,0.044201016,0.047036596
355,2020-06-22,0.047036596,0.047381446
356,2020-06-23,0.047381446,0.045595802
357,2020-06-24,0.045595802,0.045098893
358,2020-06-25,0.045098893,0.044385783
359,2020-06-26,0.044385783,0.042992353
360,2020-06-27,0.042992353,0.043514654
361,2020-06-28,0.043514654,0.04409054
362,2020-06-29,0.04409054,0.043676466
363,2020-06-30,0.043676466,0.0446684
364,2020-07-01,0.0446684,0.04431344
365,2020-07-02,0.04431344,0.043479457
366,2020-07-03,0.043479457,0.04418298
367,2020-07-04,0.04418298,0.04398586
368,2020-07-05,0.04398586,0.046853594
369,2020-07-06,0.046853594,0.046307027
370,2020-07-07,0.046307027,0.047909595
371,2020-07-08,0.047909595,0.047220275
372,2020-07-09,0.047220275,0.046727374
373,2020-07-10,0.046727374,0.04640945
374,2020-07-11,0.04640945,0.046966158
375,2020-07-12,0.046966158,0.04643994
376,2020-07-13,0.04643994,0.046566315
377,2020-07-14,0.046566315,0.04619401
378,2020-07-15,0.04619401,0.045251235
379,2020-07-16,0.045251235,0.04501889
380,2020-07-17,0.04501889,0.045579568
381,2020-07-18,0.045579568,0.046220608
382,2020-07-19,0.046220608,0.045783766
383,2020-07-20,0.045783766,0.047583178
384,2020-07-21,0.047583178,0.05114299
385,2020-07-22,0.05114299,0.053699017
386,2020-07-23,0.053699017,0.054654777
387,2020-07-24,0.054654777,0.059860677
388,2020-07-25,0.059860677,0.060978107
389,2020-07-26,0.060978107,0.063649185
390,2020-07-27,0.063649185,0.06244394
391,2020-07-28,0.06244394,0.06275553
392,2020-07-29,0.06275553,0.0662609
393,2020-07-30,0.0662609,0.06857453
394,2020-07-31,0.06857453,0.07674105
395,2020-08-01,0.07674105,0.07364794
396,2020-08-02,0.07364794,0.07708613
397,2020-08-03,0.07708613,0.07768451
398,2020-08-04,0.07768451,0.080209345
399,2020-08-05,0.080209345,0.078825876
400,2020-08-06,0.078825876,0.07560012
401,2020-08-07,0.07560012,0.07809311
402,2020-08-08,0.07809311,0.07784706
403,2020-08-09,0.07784706,0.07896846
404,2020-08-10,0.07896846,0.07575107
405,2020-08-11,0.07575107,0.07802972
406,2020-08-12,0.07802972,0.086067386
407,2020-08-13,0.086067386,0.087573946
408,2020-08-14,0.087573946,0.0867619
409,2020-08-15,0.0867619,0.08692593
410,2020-08-16,0.08692593,0.08608596
411,2020-08-17,0.08608596,0.08482258
412,2020-08-18,0.08482258,0.08122017
413,2020-08-19,0.08122017,0.08330556
414,2020-08-20,0.08330556,0.07748079
415,2020-08-21,0.07748079,0.07902786
416,2020-08-22,0.07902786,0.07811764
417,2020-08-23,0.07811764,0.08155018
418,2020-08-24,0.08155018,0.07661488
419,2020-08-25,0.07661488,0.07703463
420,2020-08-26,0.07703463,0.076193415
421,2020-08-27,0.076193415,0.07894487
422,2020-08-28,0.07894487,0.07989536
423,2020-08-29,0.07989536,0.08569096
424,2020-08-30,0.08569096,0.087244876
425,2020-08-31,0.087244876,0.0960986
426,2020-09-01,0.0960986,0.08825936
427,2020-09-02,0.08825936,0.07700062
428,2020-09-03,0.07700062,0.07739022
429,2020-09-04,0.07739022,0.06635808
430,2020-09-05,0.06635808,0.070127465
431,2020-09-06,0.070127465,0.06998404
432,2020-09-07,0.06998404,0.06684576
433,2020-09-08,0.06684576,0.06965848
434,2020-09-09,0.06965848,0.073196664
435,2020-09-10,0.073196664,0.07456965
436,2020-09-11,0.07456965,0.0771699
437,2020-09-12,0.0771699,0.072669454
438,2020-09-13,0.072669454,0.07510548
439,2020-09-14,0.07510548,0.07251728
440,2020-09-15,0.07251728,0.0727199
441,2020-09-16,0.0727199,0.07755224
442,2020-09-17,0.07755224,0.076583
443,2020-09-18,0.076583,0.07682867
444,2020-09-19,0.07682867,0.07381113
445,2020-09-20,0.07381113,0.06771697
446,2020-09-21,0.06771697,0.06828275
447,2020-09-22,0.06828275,0.063302435
448,2020-09-23,0.063302435,0.06929338
449,2020-09-24,0.06929338,0.069877505
450,2020-09-25,0.069877505,0.07046125
451,2020-09-26,0.07046125,0.070951924
452,2020-09-27,0.070951924,0.070458174
453,2020-09-28,0.070458174,0.071502
454,2020-09-29,0.071502,0.07151428
455,2020-09-30,0.07151428,0.07010019
456,2020-10-01,0.07010019,0.06864417
457,2020-10-02,0.06864417,0.068703145
458,2020-10-03,0.068703145,0.069963
459,2020-10-04,0.069963,0.07025074
460,2020-10-05,0.07025074,0.06751492
461,2020-10-06,0.06751492,0.06772168
462,2020-10-07,0.06772168,0.06958687
463,2020-10-08,0.06958687,0.07267372
464,2020-10-09,0.07267372,0.07379338
465,2020-10-10,0.07379338,0.07466262
466,2020-10-11,0.07466262,0.077284046
467,2020-10-12,0.077284046,0.07592227
468,2020-10-13,0.07592227,0.07556677
469,2020-10-14,0.07556677,0.0751415
470,2020-10-15,0.0751415,0.07280667
471,2020-10-16,0.07280667,0.07334997
472,2020-10-17,0.07334997,0.075302735
473,2020-10-18,0.075302735,0.07566089
474,2020-10-19,0.07566089,0.07341228
475,2020-10-20,0.07341228,0.07821227
476,2020-10-21,0.07821227,0.08270681
477,2020-10-22,0.08270681,0.08178952
478,2020-10-23,0.08178952,0.08247888
479,2020-10-24,0.08247888,0.08112074
480,2020-10-25,0.08112074,0.07852005
481,2020-10-26,0.07852005,0.080541275
482,2020-10-27,0.080541275,0.07753211
483,2020-10-28,0.07753211,0.07706859
484,2020-10-29,0.07706859,0.076391704
485,2020-10-30,0.076391704,0.077031516
486,2020-10-31,0.077031516,0.07884194
487,2020-11-01,0.07884194,0.07650854
488,2020-11-02,0.07650854,0.07714488
489,2020-11-03,0.07714488,0.080202594
490,2020-11-04,0.080202594,0.08275232
491,2020-11-05,0.08275232,0.09118041
492,2020-11-06,0.09118041,0.08735019
493,2020-11-07,0.08735019,0.09100855
494,2020-11-08,0.09100855,0.08914445
495,2020-11-09,0.08914445,0.09016201
496,2020-11-10,0.09016201,0.0928441
497,2020-11-11,0.0928441,0.09248878
498,2020-11-12,0.09248878,0.095353566
499,2020-11-13,0.095353566,0.09244572
500,2020-11-14,0.09244572,0.089810416
501,2020-11-15,0.089810416,0.092340015
502,2020-11-16,0.092340015,0.096712165
503,2020-11-17,0.096712165,0.096411765
504,2020-11-18,0.096411765,0.0946722
505,2020-11-19,0.0946722,0.10269337
506,2020-11-20,0.10269337,0.111057736
507,2020-11-21,0.111057736,0.11400138
508,2020-11-22,0.11400138,0.12301235
509,2020-11-23,0.12301235,0.122021645
510,2020-11-24,0.122021645,0.11567951
511,2020-11-25,0.11567951,0.10441647
512,2020-11-26,0.10441647,0.10411718
513,2020-11-27,0.10411718,0.10853969
514,2020-11-28,0.10853969,0.11611719
515,2020-11-29,0.11611719,0.124657825
516,2020-11-30,0.124657825,0.119401164
517,2020-12-01,0.119401164,0.1211793
518,2020-12-02,0.1211793,0.12500495
519,2020-12-03,0.12500495,0.11556598
520,2020-12-04,0.11556598,0.12062433
521,2020-12-05,0.12062433,0.12188314
522,2020-12-06,0.12188314,0.11989185
523,2020-12-07,0.11989185,0.11205162
524,2020-12-08,0.11205162,0.11600547
525,2020-12-09,0.11600547,0.11330216
526,2020-12-10,0.11330216,0.11032638
527,2020-12-11,0.11032638,0.11486109
528,2020-12-12,0.11486109,0.11938675
529,2020-12-13,0.11938675,0.11848667
530,2020-12-14,0.11848667,0.11927633
531,2020-12-15,0.11927633,0.12907614
532,2020-12-16,0.12907614,0.13069491
533,2020-12-17,0.13069491,0.1326479
534,2020-12-18,0.1326479,0.13379905
535,2020-12-19,0.13379905,0.1298453
536,2020-12-20,0.1298453,0.1238258
537,2020-12-21,0.1238258,0.12860073
538,2020-12-22,0.12860073,0.1187924
539,2020-12-23,0.1187924,0.12415475
540,2020-12-24,0.12415475,0.12704828
541,2020-12-25,0.12704828,0.12895107
542,2020-12-26,0.12895107,0.13945542
543,2020-12-27,0.13945542,0.14895473
544,2020-12-28,0.14895473,0.14933208
545,2020-12-29,0.14933208,0.15321322
546,2020-12-30,0.15321322,0.15020357
547,2020-12-31,0.15020357,0.1485589
548,2021-01-01,0.1485589,0.15808085
549,2021-01-02,0.15808085,0.20232657
550,2021-01-03,0.20232657,0.21368833
551,2021-01-04,0.21368833,0.22601634
552,2021-01-05,0.22601634,0.24705994
553,2021-01-06,0.24705994,0.25070325
554,2021-01-07,0.25070325,0.25028333
555,2021-01-08,0.25028333,0.26435316
556,2021-01-09,0.26435316,0.26033738
557,2021-01-10,0.26033738,0.22350976
558,2021-01-11,0.22350976,0.21355623
559,2021-01-12,0.21355623,0.23164533
560,2021-01-13,0.23164533,0.25049412
561,2021-01-14,0.25049412,0.23985542
562,2021-01-15,0.23985542,0.25366595
563,2021-01-16,0.25366595,0.2525749
564,2021-01-17,0.2525749,0.2583744
565,2021-01-18,0.2583744,0.28332534
566,2021-01-19,0.28332534,0.28460267
567,2021-01-20,0.28460267,0.23003757
568,2021-01-21,0.23003757,0.25397786
569,2021-01-22,0.25397786,0.25279146
570,2021-01-23,0.25279146,0.2864081
571,2021-01-24,0.2864081,0.27234563
572,2021-01-25,0.27234563,0.27857384
573,2021-01-26,0.27857384,0.25751212
574,2021-01-27,0.25751212,0.27420768
575,2021-01-28,0.27420768,0.284467
576,2021-01-29,0.284467,0.28300926
577,2021-01-30,0.28300926,0.27035636
578,2021-01-31,0.27035636,0.2814506
579,2021-02-01,0.2814506,0.31223541
580,2021-02-02,0.31223541,0.3423409
581,2021-02-03,0.3423409,0.3286399
582,2021-02-04,0.3286399,0.3542176
583,2021-02-05,0.3542176,0.34596297
584,2021-02-06,0.34596297,0.33263126
585,2021-02-07,0.33263126,0.35975868
586,2021-02-08,0.35975868,0.36422417
587,2021-02-09,0.36422417,0.3591494
588,2021-02-10,0.3591494,0.36789075
589,2021-02-11,0.36789075,0.38036144
590,2021-02-12,0.38036144,0.37419945
591,2021-02-13,0.37419945,0.37305412
592,2021-02-14,0.37305412,0.36675677
593,2021-02-15,0.36675677,0.36740646
594,2021-02-16,0.36740646,0.38014838
595,2021-02-17,0.38014838,0.39993846
596,2021-02-18,0.39993846,0.4049636
597,2021-02-19,0.4049636,0.39654687
598,2021-02-20,0.39654687,0.3999821
599,2021-02-21,0.3999821,0.3667646
600,2021-02-22,0.3667646,0.3211463
601,2021-02-23,0.3211463,0.33398503
602,2021-02-24,0.33398503,0.30238724
603,2021-02-25,0.30238724,0.29653853
604,2021-02-26,0.29653853,0.30209708
605,2021-02-27,0.30209708,0.29096162
606,2021-02-28,0.29096162,0.32298532
607,2021-03-01,0.32298532,0.30713096
608,2021-03-02,0.30713096,0.3253314
609,2021-03-03,0.3253314,0.3174924
610,2021-03-04,0.3174924,0.31576467
611,2021-03-05,0.31576467,0.34180978
612,2021-03-06,0.34180978,0.35674632
613,2021-03-07,0.35674632,0.37856844
614,2021-03-08,0.37856844,0.38495135
615,2021-03-09,0.38495135,0.37187994
616,2021-03-10,0.37187994,0.37632078
617,2021-03-11,0.37632078,0.3646877
618,2021-03-12,0.3646877,0.39711952
619,2021-03-13,0.39711952,0.38489896
620,2021-03-14,0.38489896,0.36901718
621,2021-03-15,0.36901718,0.37023556
622,2021-03-16,0.37023556,0.37553257
623,2021-03-17,0.37553257,0.36771658
624,2021-03-18,0.36771658,0.37465724
625,2021-03-19,0.37465724,0.37476063
626,2021-03-20,0.37476063,0.36881614
627,2021-03-21,0.36881614,0.34898734
628,2021-03-22,0.34898734,0.3468103
629,2021-03-23,0.3468103,0.3283407
630,2021-03-24,0.3283407,0.32874587
631,2021-03-25,0.32874587,0.3511268
632,2021-03-26,0.3511268,0.35441872
633,2021-03-27,0.35441872,0.3488962
634,2021-03-28,0.3488962,0.37586093
635,2021-03-29,0.37586093,0.38113797
636,2021-03-30,0.38113797,0.3958894
637,2021-03-31,0.3958894,0.4085692
638,2021-04-01,0.4085692,0.44255972
639,2021-04-02,0.44255972,0.4193566
640,2021-04-03,0.4193566,0.43245763
641,2021-04-04,0.43245763,0.43446082
642,2021-04-05,0.43446082,0.43826056
643,2021-04-06,0.43826056,0.40825084
644,2021-04-07,0.40825084,0.4316366
645,2021-04-08,0.4316366,0.42801845
646,2021-04-09,0.42801845,0.44131032
647,2021-04-10,0.44131032,0.4458149
648,2021-04-11,0.4458149,0.44275713
649,2021-04-12,0.44275713,0.47595784
650,2021-04-13,0.47595784,0.50232935
651,2021-04-14,0.50232935,0.5207648
652,2021-04-15,0.5207648,0.50294256
653,2021-04-16,0.50294256,0.48668692
654,2021-04-17,0.48668692,0.46130496
655,2021-04-18,0.46130496,0.44649822
656,2021-04-19,0.44649822,0.48106167
657,2021-04-20,0.48106167,0.48767075
658,2021-04-21,0.48767075,0.49837732
659,2021-04-22,0.49837732,0.4886696
660,2021-04-23,0.4886696,0.45661765
661,2021-04-24,0.45661765,0.47832593
662,2021-04-25,0.47832593,0.5246838
663,2021-04-26,0.5246838,0.55056757
664,2021-04-27,0.55056757,0.5682248
665,2021-04-28,0.5682248,0.5704649
666,2021-04-29,0.5704649,0.5739221
667,2021-04-30,0.5739221,0.60975385
668,2021-05-01,0.60975385,0.61134255
669,2021-05-02,0.61134255,0.71099544
670,2021-05-03,0.71099544,0.67404395
671,2021-05-04,0.67404395,0.7300893
672,2021-05-05,0.7300893,0.7243702
673,2021-05-06,0.7243702,0.72274023
674,2021-05-07,0.72274023,0.80928093
675,2021-05-08,0.80928093,0.81537443
676,2021-05-09,0.81537443,0.8198875
677,2021-05-10,0.8198875,0.8654331
678,2021-05-11,0.8654331,0.7930014
679,2021-05-12,0.7930014,0.77122945
680,2021-05-13,0.77122945,0.8447001
681,2021-05-14,0.8447001,0.75696456
682,2021-05-15,0.75696456,0.7424882
683,2021-05-16,0.7424882,0.6766831
684,2021-05-17,0.6766831,0.7018456
685,2021-05-18,0.7018456,0.512732
686,2021-05-19,0.512732,0.5717587
687,2021-05-20,0.5717587,0.5006248
688,2021-05-21,0.5006248,0.47649118
689,2021-05-22,0.47649118,0.43735123
690,2021-05-23,0.43735123,0.54570776
691,2021-05-24,0.54570776,0.5557777
692,2021-05-25,0.5557777,0.5950441
693,2021-05-26,0.5950441,0.56847197
694,2021-05-27,0.56847197,0.50108916
695,2021-05-28,0.50108916,0.47141063
696,2021-05-29,0.47141063,0.49390814
697,2021-05-30,0.49390814,0.5604187
698,2021-05-31,0.5604187,0.54364693
699,2021-06-01,0.54364693,0.5622668
700,2021-06-02,0.5622668,0.5913528
701,2021-06-03,0.5913528,0.5573761
702,2021-06-04,0.5573761,0.54309106
703,2021-06-05,0.54309106,0.56087494
704,2021-06-06,0.56087494,0.5362733
705,2021-06-07,0.5362733,0.52061534
706,2021-06-08,0.52061534,0.53932923
707,2021-06-09,0.53932923,0.5113027
708,2021-06-10,0.5113027,0.4862063
709,2021-06-11,0.4862063,0.4908657
710,2021-06-12,0.4908657,0.5186599
711,2021-06-13,0.5186599,0.5340394
712,2021-06-14,0.5340394,0.5275912
713,2021-06-15,0.5275912,0.48838526
714,2021-06-16,0.48838526,0.49111995
715,2021-06-17,0.49111995,0.4606513
716,2021-06-18,0.4606513,0.45076242
717,2021-06-19,0.45076242,0.46408352
718,2021-06-20,0.46408352,0.38988373
719,2021-06-21,0.38988373,0.38688833
720,2021-06-22,0.38688833,0.40662438
721,2021-06-23,0.40662438,0.41017362
722,2021-06-24,0.41017362,0.3746593
723,2021-06-25,0.3746593,0.37474
724,2021-06-26,0.37474,0.4080717
725,2021-06-27,0.4080717,0.42927042
726,2021-06-28,0.42927042,0.44692
727,2021-06-29,0.44692,0.46953845
728,2021-06-30,0.46953845,0.4363713
729,2021-07-01,0.4363713,0.4443769
730,2021-07-02,0.4443769,0.46036607
731,2021-07-03,0.46036607,0.4800543
732,2021-07-04,0.4800543,0.4552471
733,2021-07-05,0.4552471,0.47994888
734,2021-07-06,0.47994888,0.47804266
735,2021-07-07,0.47804266,0.43816102
736,2021-07-08,0.43816102,0.44469085
737,2021-07-09,0.44469085,0.43603793
738,2021-07-10,0.43603793,0.44213688
739,2021-07-11,0.44213688,0.42085826
740,2021-07-12,0.42085826,0.39974946
741,2021-07-13,0.39974946,0.4115504
742,2021-07-14,0.4115504,0.3932777
743,2021-07-15,0.3932777,0.3882648
744,2021-07-16,0.3882648,0.3920998
745,2021-07-17,0.3920998,0.39184955
746,2021-07-18,0.39184955,0.3753022
747,2021-07-19,0.3753022,0.36906913
748,2021-07-20,0.36906913,0.4108472
749,2021-07-21,0.4108472,0.4178843
750,2021-07-22,0.4178843,0.4392902
751,2021-07-23,0.4392902,0.45230395
752,2021-07-24,0.45230395,0.4533675
753,2021-07-25,0.4533675,0.46289855
754,2021-07-26,0.46289855,0.47396737
755,2021-07-27,0.47396737,0.47533935
756,2021-07-28,0.47533935,0.49265486
757,2021-07-29,0.49265486,0.50998646
758,2021-07-30,0.50998646,0.5254398
759,2021-07-31,0.5254398,0.53203
760,2021-08-01,0.53203,0.53977793
761,2021-08-02,0.53977793,0.5186792
762,2021-08-03,0.5186792,0.5644106
763,2021-08-04,0.5644106,0.5847397
764,2021-08-05,0.5847397,0.59861976
765,2021-08-06,0.59861976,0.6561283
766,2021-08-07,0.6561283,0.6238173
767,2021-08-08,0.6238173,0.65501636
768,2021-08-09,0.65501636,0.65102434
769,2021-08-10,0.65102434,0.6554317
770,2021-08-11,0.6554317,0.6302713
771,2021-08-12,0.6302713,0.6887331
772,2021-08-13,0.6887331,0.67650396
773,2021-08-14,0.67650396,0.6856056
774,2021-08-15,0.6856056,0.65382093
775,2021-08-16,0.65382093,0.6243226
776,2021-08-17,0.6243226,0.62541455
777,2021-08-18,0.62541455,0.65927494
778,2021-08-19,0.65927494,0.6809792
779,2021-08-20,0.6809792,0.66830826
780,2021-08-21,0.66830826,0.6716465
781,2021-08-22,0.6716465,0.68770957
782,2021-08-23,0.68770957,0.6575664
783,2021-08-24,0.6575664,0.6678622
784,2021-08-25,0.6678622,0.64248365
785,2021-08-26,0.64248365,0.6765346
786,2021-08-27,0.6765346,0.6718497
787,2021-08-28,0.6718497,0.6696827
788,2021-08-29,0.6696827,0.6705199
789,2021-08-30,0.6705199,0.71290433
790,2021-08-31,0.71290433,0.78780115
791,2021-09-01,0.78780115,0.78625584
792,2021-09-02,0.78625584,0.8158111
793,2021-09-03,0.8158111,0.8059665
794,2021-09-04,0.8059665,0.81987476
795,2021-09-05,0.81987476,0.81472415
796,2021-09-06,0.81472415,0.7094267
797,2021-09-07,0.7094267,0.72344893
798,2021-09-08,0.72344893,0.71038216
799,2021-09-09,0.71038216,0.66539633
800,2021-09-10,0.66539633,0.67667687
801,2021-09-11,0.67667687,0.70669186
802,2021-09-12,0.70669186,0.68155015
803,2021-09-13,0.68155015,0.7088537
804,2021-09-14,0.7088537,0.74554956
805,2021-09-15,0.74554956,0.7398486
806,2021-09-16,0.7398486,0.70285785
807,2021-09-17,0.70285785,0.71064746
808,2021-09-18,0.71064746,0.689618
809,2021-09-19,0.689618,0.61421525
810,2021-09-20,0.61421525,0.57066476
811,2021-09-21,0.57066476,0.63730556
812,2021-09-22,0.63730556,0.6535861
813,2021-09-23,0.6535861,0.60615146
814,2021-09-24,0.60615146,0.60732734
815,2021-09-25,0.60732734,0.63439286
816,2021-09-26,0.63439286,0.6073291
817,2021-09-27,0.6073291,0.580663
818,2021-09-28,0.580663,0.5898214
819,2021-09-29,0.5898214,0.62137747
820,2021-09-30,0.62137747,0.68525666
821,2021-10-01,0.68525666,0.7033124
822,2021-10-02,0.7033124,0.70898724
823,2021-10-03,0.70898724,0.69988084
824,2021-10-04,0.69988084,0.7294428
825,2021-10-05,0.7294428,0.7434381
826,2021-10-06,0.7434381,0.7431721
827,2021-10-07,0.7431721,0.7368725
828,2021-10-08,0.7368725,0.7421284
829,2021-10-09,0.7421284,0.7088994
830,2021-10-10,0.7088994,0.73401606
831,2021-10-11,0.73401606,0.7228047
832,2021-10-12,0.7228047,0.74537516
833,2021-10-13,0.74537516,0.7853218
834,2021-10-14,0.7853218,0.80156773
835,2021-10-15,0.80156773,0.7947509
836,2021-10-16,0.7947509,0.7995289
837,2021-10-17,0.7995289,0.7762833
838,2021-10-18,0.7762833,0.8035548
839,2021-10-19,0.8035548,0.8628962
840,2021-10-20,0.8628962,0.8439166
841,2021-10-21,0.8439166,0.82353586
842,2021-10-22,0.82353586,0.86462253
843,2021-10-23,0.86462253,0.8464567
844,2021-10-24,0.8464567,0.8739816
845,2021-10-25,0.8739816,0.8584906
846,2021-10-26,0.8584906,0.81746686
847,2021-10-27,0.81746686,0.88874006
848,2021-10-28,0.88874006,0.9156674
849,2021-10-29,0.9156674,0.895954
850,2021-10-30,0.895954,0.8900732
851,2021-10-31,0.8900732,0.8977783
852,2021-11-01,0.8977783,0.9519854
853,2021-11-02,0.9519854,0.9559158
854,2021-11-03,0.9559158,0.94139886
855,2021-11-04,0.94139886,0.9309241
856,2021-11-05,0.9309241,0.9369313
857,2021-11-06,0.9369313,0.9580743
858,2021-11-07,0.9580743,1.0
859,2021-11-08,1.0,0.9821016
860,2021-11-09,0.9821016,0.9603732
861,2021-11-10,0.9603732,0.9795624
862,2021-11-11,0.9795624,0.9688749
863,2021-11-12,0.9688749,0.9646659
864,2021-11-13,0.9646659,0.9601906
865,2021-11-14,0.9601906,0.9479087
866,2021-11-15,0.9479087,0.87727326
867,2021-11-16,0.87727326,0.88946766
868,2021-11-17,0.88946766,0.8276442
869,2021-11-18,0.8276442,0.89128345
870,2021-11-19,0.89128345,0.91620964
871,2021-11-20,0.91620964,0.88334465
872,2021-11-21,0.88334465,0.8485818
873,2021-11-22,0.8485818,0.90048015
874,2021-11-23,0.90048015,0.8866169
875,2021-11-24,0.8866169,0.937626
876,2021-11-25,0.937626,0.83835214
877,2021-11-26,0.83835214,0.8448673
878,2021-11-27,0.8448673,0.8912746
879,2021-11-28,0.8912746,0.9219146
880,2021-11-29,0.9219146,0.9600938
881,2021-11-30,0.9600938,0.9510073
882,2021-12-01,0.9510073,0.9354502
883,2021-12-02,0.9354502,0.8800016
884,2021-12-03,0.8800016,0.8481806
885,2021-12-04,0.8481806,0.86749625
886,2021-12-05,0.86749625,0.90187186
887,2021-12-06,0.90187186,0.8924906
888,2021-12-07,0.8924906,0.9206823
889,2021-12-08,0.9206823,0.86064637
890,2021-12-09,0.86064637,0.8106788
891,2021-12-10,0.8106788,0.84748006
892,2021-12-11,0.84748006,0.8578773
893,2021-12-12,0.8578773,0.7851801
894,2021-12-13,0.7851801,0.8011678
895,2021-12-14,0.8011678,0.8321506
896,2021-12-15,0.8321506,0.8220652
897,2021-12-16,0.8220652,0.80626243
898,2021-12-17,0.80626243,0.8228375
899,2021-12-18,0.8228375,0.8139142
900,2021-12-19,0.8139142,0.8145226
901,2021-12-20,0.8145226,0.8341486
902,2021-12-21,0.8341486,0.8259307
903,2021-12-22,0.8259307,0.85190123
904,2021-12-23,0.85190123,0.83990127
905,2021-12-24,0.83990127,0.8520226
906,2021-12-25,0.8520226,0.8447453
907,2021-12-26,0.8447453,0.83647066
908,2021-12-27,0.83647066,0.7884345
909,2021-12-28,0.7884345,0.7513494
910,2021-12-29,0.7513494,0.7700397
911,2021-12-30,0.7700397,0.76362956
912,2021-12-31,0.76362956,0.780846
913,2022-01-01,0.780846,0.793992
914,2022-01-02,0.793992,0.7797375
915,2022-01-03,0.7797375,0.78693897
916,2022-01-04,0.78693897,0.7362338
917,2022-01-05,0.7362338,0.7082789
918,2022-01-06,0.7082789,0.6615458
919,2022-01-07,0.6615458,0.64061314
920,2022-01-08,0.64061314,0.6541108
921,2022-01-09,0.6541108,0.63849944
922,2022-01-10,0.63849944,0.6705427
923,2022-01-11,0.6705427,0.6990753
924,2022-01-12,0.6990753,0.67413306
925,2022-01-13,0.67413306,0.6860551
926,2022-01-14,0.6860551,0.690026
927,2022-01-15,0.690026,0.69444907
928,2022-01-16,0.69444907,0.6652062
929,2022-01-17,0.6652062,0.65543664
930,2022-01-18,0.65543664,0.6410449
931,2022-01-19,0.6410449,0.6224787
932,2022-01-20,0.6224787,0.52806944
933,2022-01-21,0.52806944,0.49722773
934,2022-01-22,0.49722773,0.524361
935,2022-01-23,0.524361,0.50470984
936,2022-01-24,0.50470984,0.50783366
937,2022-01-25,0.50783366,0.5104298
938,2022-01-26,0.5104298,0.5013372
939,2022-01-27,0.5013372,0.5269891
940,2022-01-28,0.5269891,0.53730714
941,2022-01-29,0.53730714,0.5391516
942,2022-01-30,0.5391516,0.55590135
943,2022-01-31,0.55590135,0.5787574
944,2022-02-01,0.5787574,0.5545414
945,2022-02-02,0.5545414,0.5516641
946,2022-02-03,0.5516641,0.61742216
947,2022-02-04,0.61742216,0.62379265
948,2022-02-05,0.62379265,0.6331775
949,2022-02-06,0.6331775,0.6522258
950,2022-02-07,0.6522258,0.64662397
951,2022-02-08,0.64662397,0.6710087
952,2022-02-09,0.6710087,0.6371641
953,2022-02-10,0.6371641,0.6060842
954,2022-02-11,0.6060842,0.6029096
955,2022-02-12,0.6029096,0.5976439
956,2022-02-13,0.5976439,0.60743177
957,2022-02-14,0.60743177,0.658855
958,2022-02-15,0.658855,0.6484196
959,2022-02-16,0.6484196,0.5961935
960,2022-02-17,0.5961935,0.5766991
961,2022-02-18,0.5766991,0.5720793
962,2022-02-19,0.5720793,0.54430354
963,2022-02-20,0.54430354,0.5313298
964,2022-02-21,0.5313298,0.54648167
965,2022-02-22,0.54648167,0.5364407
966,2022-02-23,0.5364407,0.53723264
967,2022-02-24,0.53723264,0.5719846
968,2022-02-25,0.5719846,0.5748111
969,2022-02-26,0.5748111,0.5428796
970,2022-02-27,0.5428796,0.6040784
971,2022-02-28,0.6040784,0.6155175
972,2022-03-01,0.6155175,0.6110843
973,2022-03-02,0.6110843,0.5870252
974,2022-03-03,0.5870252,0.54146934
975,2022-03-04,0.54146934,0.5515593
976,2022-03-05,0.5515593,0.5289434
977,2022-03-06,0.5289434,0.5161991
978,2022-03-07,0.5161991,0.5329952
979,2022-03-08,0.5329952,0.56478935
980,2022-03-09,0.56478935,0.539843
981,2022-03-10,0.539843,0.52975816
982,2022-03-11,0.52975816,0.53312415
983,2022-03-12,0.53312415,0.52092874
984,2022-03-13,0.52092874,0.5355171
985,2022-03-14,0.5355171,0.5418529
986,2022-03-15,0.5418529,0.5736824
987,2022-03-16,0.5736824,0.5826626
988,2022-03-17,0.5826626,0.6100374
989,2022-03-18,0.6100374,0.61003035
990,2022-03-19,0.61003035,0.5920659
991,2022-03-20,0.5920659,0.60004944
992,2022-03-21,0.60004944,0.6155506
993,2022-03-22,0.6155506,0.62757725
994,2022-03-23,0.62757725,0.643724
995,2022-03-24,0.643724,0.64373803
996,2022-03-25,0.64373803,0.6510726
997,2022-03-26,0.6510726,0.68168575
998,2022-03-27,0.68168575,0.69038695
999,2022-03-28,0.69038695,0.7051265
1000,2022-03-29,0.7051265,0.7021494
1001,2022-03-30,0.7021494,0.68029135
1002,2022-03-31,0.68029135,0.7141032
1003,2022-04-01,0.7141032,0.71395767
1004,2022-04-02,0.71395767,0.7296776
1005,2022-04-03,0.7296776,0.72961736
1006,2022-04-04,0.72961736,0.70777714
1007,2022-04-05,0.70777714,0.6572547
1008,2022-04-06,0.6572547,0.6702144
1009,2022-04-07,0.6702144,0.66103303
1010,2022-04-08,0.66103303,0.6756449
1011,2022-04-09,0.6756449,0.66660464
1012,2022-04-10,0.66660464,0.61729133
1013,2022-04-11,0.61729133,0.62803394
1014,2022-04-12,0.62803394,0.6455561
1015,2022-04-13,0.6455561,0.62522894
1016,2022-04-14,0.62522894,0.62963086
1017,2022-04-15,0.62963086,0.63420975
1018,2022-04-16,0.63420975,0.62003994
1019,2022-04-17,0.62003994,0.63340145
1020,2022-04-18,0.63340145,0.6429932
1021,2022-04-19,0.6429932,0.63741136
1022,2022-04-20,0.63741136,0.6187761
1023,2022-04-21,0.6187761,0.6141478
1024,2022-04-22,0.6141478,0.6083373
1025,2022-04-23,0.6083373,0.6051076
1026,2022-04-24,0.6051076,0.6237789
1027,2022-04-25,0.6237789,0.5802015
1028,2022-04-26,0.5802015,0.59784156
1029,2022-04-27,0.59784156,0.6075395
1030,2022-04-28,0.6075395,0.58246195
1031,2022-04-29,0.58246195,0.5660376
1032,2022-04-30,0.5660376,0.58567685
1033,2022-05-01,0.58567685,0.5915345
1034,2022-05-02,0.5915345,0.5760147
1035,2022-05-03,0.5760147,0.6088868
1036,2022-05-04,0.6088868,0.5691934
1037,2022-05-05,0.5691934,0.55818605
1038,2022-05-06,0.55818605,0.5462952
1039,2022-05-07,0.5462952,0.5197675
1040,2022-05-08,0.5197675,0.46570125
1041,2022-05-09,0.46570125,0.4840099
1042,2022-05-10,0.4840099,0.4283896
1043,2022-05-11,0.4283896,0.40601313
1044,2022-05-12,0.40601313,0.4152622
1045,2022-05-13,0.4152622,0.42479637
1046,2022-05-14,0.42479637,0.44365335
1047,2022-05-15,0.44365335,0.41788304
1048,2022-05-16,0.41788304,0.4321322
1049,2022-05-17,0.4321322,0.3961758
1050,2022-05-18,0.3961758,0.41722018
1051,2022-05-19,0.41722018,0.40500352
1052,2022-05-20,0.40500352,0.4076783
1053,2022-05-21,0.4076783,0.4221243
1054,2022-05-22,0.4221243,0.40734622
1055,2022-05-23,0.40734622,0.40860444
1056,2022-05-24,0.40860444,0.40152746
1057,2022-05-25,0.40152746,0.37337586
1058,2022-05-26,0.37337586,0.3555271
1059,2022-05-27,0.3555271,0.36992127
1060,2022-05-28,0.36992127,0.3736045
1061,2022-05-29,0.3736045,0.41159484
1062,2022-05-30,0.41159484,0.4022367
1063,2022-05-31,0.4022367,0.3765876
1064,2022-06-01,0.3765876,0.37850598
1065,2022-06-02,0.37850598,0.36633402
1066,2022-06-03,0.36633402,0.371538
1067,2022-06-04,0.371538,0.37244803
1068,2022-06-05,0.37244803,0.38363442
1069,2022-06-06,0.38363442,0.37450218
1070,2022-06-07,0.37450218,0.37005454
1071,2022-06-08,0.37005454,0.36923373
1072,2022-06-09,0.36923373,0.34323925
1073,2022-06-10,0.34323925,0.31509092
1074,2022-06-11,0.31509092,0.29808542
1075,2022-06-12,0.29808542,0.24687296
1076,2022-06-13,0.24687296,0.24897584
1077,2022-06-14,0.24897584,0.25261077
1078,2022-06-15,0.25261077,0.21889272
1079,2022-06-16,0.21889272,0.22290397
1080,2022-06-17,0.22290397,0.20349376
1081,2022-06-18,0.20349376,0.2311111
1082,2022-06-19,0.2311111,0.23179704
1083,2022-06-20,0.23179704,0.23095721
1084,2022-06-21,0.23095721,0.21560882
1085,2022-06-22,0.21560882,0.23460804
1086,2022-06-23,0.23460804,0.25287142
1087,2022-06-24,0.25287142,0.25533742
1088,2022-06-25,0.25533742,0.24675098
1089,2022-06-26,0.24675098,0.24518104
1090,2022-06-27,0.24518104,0.23472483
1091,2022-06-28,0.23472483,0.22509976
1092,2022-06-29,0.22509976,0.21787919
1093,2022-06-30,0.21787919,0.21797726
1094,2022-07-01,0.21797726,0.2186685
1095,2022-07-02,0.2186685,0.2202563
1096,2022-07-03,0.2202563,0.23662265
1097,2022-07-04,0.23662265,0.23284525
1098,2022-07-05,0.23284525,0.2440293
1099,2022-07-06,0.2440293,0.25450492
1100,2022-07-07,0.25450492,0.25332844
1101,2022-07-08,0.25332844,0.24989858
1102,2022-07-09,0.24989858,0.23991625
1103,2022-07-10,0.23991625,0.22512269
1104,2022-07-11,0.22512269,0.21300149
1105,2022-07-12,0.21300149,0.22828181
1106,2022-07-13,0.22828181,0.24464922
1107,2022-07-14,0.24464922,0.25339147
1108,2022-07-15,0.25339147,0.2785215
1109,2022-07-16,0.2785215,0.27723485
1110,2022-07-17,0.27723485,0.32301825
1111,2022-07-18,0.32301825,0.31750923
1112,2022-07-19,0.31750923,0.31465435
1113,2022-07-20,0.31465435,0.32463104
1114,2022-07-21,0.32463104,0.3161795
1115,2022-07-22,0.3161795,0.31905496
1116,2022-07-23,0.31905496,0.33009425
1117,2022-07-24,0.33009425,0.29839316
1118,2022-07-25,0.29839316,0.29535693
1119,2022-07-26,0.29535693,0.33680514
1120,2022-07-27,0.33680514,0.35546553
1121,2022-07-28,0.35546553,0.358851
1122,2022-07-29,0.358851,0.3496321
1123,2022-07-30,0.3496321,0.34665817
1124,2022-07-31,0.34665817,0.33695552
1125,2022-08-01,0.33695552,0.33717123
1126,2022-08-02,0.33717123,0.33372873
1127,2022-08-03,0.33372873,0.3315298
1128,2022-08-04,0.3315298,0.35581347
1129,2022-08-05,0.35581347,0.34898376
1130,2022-08-06,0.34898376,0.35033724
1131,2022-08-07,0.35033724,0.36597618
1132,2022-08-08,0.36597618,0.3512347
1133,2022-08-09,0.3512347,0.38201374
1134,2022-08-10,0.38201374,0.3882616
1135,2022-08-11,0.3882616,0.4041647
1136,2022-08-12,0.4041647,0.409227
1137,2022-08-13,0.409227,0.40002927
1138,2022-08-14,0.40002927,0.39335483
1139,2022-08-15,0.39335483,0.38772967
1140,2022-08-16,0.38772967,0.3778964
1141,2022-08-17,0.3778964,0.38123807
1142,2022-08-18,0.38123807,0.3323663
1143,2022-08-19,0.3323663,0.32496598
1144,2022-08-20,0.32496598,0.33378094
1145,2022-08-21,0.33378094,0.33379388
1146,2022-08-22,0.33379388,0.34259394
1147,2022-08-23,0.34259394,0.34173298
1148,2022-08-24,0.34173298,0.3498594
1149,2022-08-25,0.3498594,0.30962133
1150,2022-08-26,0.30962133,0.3076826
1151,2022-08-27,0.3076826,0.2955535
1152,2022-08-28,0.2955535,0.3197333
1153,2022-08-29,0.3197333,0.31379983
1154,2022-08-30,0.31379983,0.319889
1155,2022-08-31,0.319889,0.32687733
1156,2022-09-01,0.32687733,0.32448134
1157,2022-09-02,0.32448134,0.3204173
1158,2022-09-03,0.3204173,0.3248304
1159,2022-09-04,0.3248304,0.33406943
1160,2022-09-05,0.33406943,0.3219748
1161,2022-09-06,0.3219748,0.33627144
1162,2022-09-07,0.33627144,0.33710244
1163,2022-09-08,0.33710244,0.3542055
1164,2022-09-09,0.3542055,0.36641037
1165,2022-09-10,0.36641037,0.36341262
1166,2022-09-11,0.36341262,0.35222104
1167,2022-09-12,0.35222104,0.32492882
1168,2022-09-13,0.32492882,0.33662316
1169,2022-09-14,0.33662316,0.3034673
1170,2022-09-15,0.3034673,0.29453632
1171,2022-09-16,0.29453632,0.30274126
1172,2022-09-17,0.30274126,0.2746083
1173,2022-09-18,0.2746083,0.28395903
1174,2022-09-19,0.28395903,0.27220547
1175,2022-09-20,0.27220547,0.2569798
1176,2022-09-21,0.2569798,0.27324072
1177,2022-09-22,0.27324072,0.27365106
1178,2022-09-23,0.27365106,0.2710206
1179,2022-09-24,0.2710206,0.26601177
1180,2022-09-25,0.26601177,0.27421477
1181,2022-09-26,0.27421477,0.2737372
1182,2022-09-27,0.2737372,0.27506626
1183,2022-09-28,0.27506626,0.2746453
1184,2022-09-29,0.2746453,0.27315187
1185,2022-09-30,0.27315187,0.26963612
1186,2022-10-01,0.26963612,0.262408
1187,2022-10-02,0.262408,0.2721668
1188,2022-10-03,0.2721668,0.28022978
1189,2022-10-04,0.28022978,0.27834183
1190,2022-10-05,0.27834183,0.27797532
1191,2022-10-06,0.27797532,0.2740104
1192,2022-10-07,0.2740104,0.27045843
1193,2022-10-08,0.27045843,0.27189353
1194,2022-10-09,0.27189353,0.26546624
1195,2022-10-10,0.26546624,0.26291478
1196,2022-10-11,0.26291478,0.26617202
1197,2022-10-12,0.26617202,0.2648227
1198,2022-10-13,0.2648227,0.26678583
1199,2022-10-14,0.26678583,0.26207283
1200,2022-10-15,0.26207283,0.2686069
1201,2022-10-16,0.2686069,0.27397683
1202,2022-10-17,0.27397683,0.269487
1203,2022-10-18,0.269487,0.2641279
1204,2022-10-19,0.2641279,0.2636841
1205,2022-10-20,0.2636841,0.26721847
1206,2022-10-21,0.26721847,0.27020627
1207,2022-10-22,0.27020627,0.2805255
1208,2022-10-23,0.2805255,0.2765684
1209,2022-10-24,0.2765684,0.30099994
1210,2022-10-25,0.30099994,0.32309055
1211,2022-10-26,0.32309055,0.31208012
1212,2022-10-27,0.31208012,0.3205272
1213,2022-10-28,0.3205272,0.3338562
1214,2022-10-29,0.3338562,0.32769024
1215,2022-10-30,0.32769024,0.32421374
1216,2022-10-31,0.32421374,0.32541743
1217,2022-11-01,0.32541743,0.3131426
1218,2022-11-02,0.3131426,0.31529582
1219,2022-11-03,0.31529582,0.33908576
1220,2022-11-04,0.33908576,0.3354712
1221,2022-11-05,0.3354712,0.32436004
1222,2022-11-06,0.32436004,0.32313502
1223,2022-11-07,0.32313502,0.27404544
1224,2022-11-08,0.27404544,0.22555594
1225,2022-11-09,0.22555594,0.26691374
1226,2022-11-10,0.26691374,0.26465106
1227,2022-11-11,0.26465106,0.2576725
1228,2022-11-12,0.2576725,0.2509714
1229,2022-11-13,0.2509714,0.25525472
1230,2022-11-14,0.25525472,0.25694442
1231,2022-11-15,0.25694442,0.2496303
1232,2022-11-16,0.2496303,0.24654327
1233,2022-11-17,0.24654327,0.24899766
1234,2022-11-18,0.24899766,0.25037748
1235,2022-11-19,0.25037748,0.234392
1236,2022-11-20,0.234392,0.22752643
1237,2022-11-21,0.22752643,0.23272386
1238,2022-11-22,0.23272386,0.24304749
1239,2022-11-23,0.24304749,0.2470555
1240,2022-11-24,0.2470555,0.24630195
1241,2022-11-25,0.24630195,0.24773872
1242,2022-11-26,0.24773872,0.245803
1243,2022-11-27,0.245803,0.24021354
1244,2022-11-28,0.24021354,0.24998495
1245,2022-11-29,0.24998495,0.2665117
1246,2022-11-30,0.2665117,0.26227123
1247,2022-12-01,0.26227123,0.26576468
1248,2022-12-02,0.26576468,0.25545427
1249,2022-12-03,0.25545427,0.263273
1250,2022-12-04,0.263273,0.2588241
1251,2022-12-05,0.2588241,0.26133657
1252,2022-12-06,0.26133657,0.2533019
1253,2022-12-07,0.2533019,0.26342896
1254,2022-12-08,0.26342896,0.2597548
1255,2022-12-09,0.2597548,0.26008978
1256,2022-12-10,0.26008978,0.25970963
1257,2022-12-11,0.25970963,0.2620976
1258,2022-12-12,0.2620976,0.2714756
1259,2022-12-13,0.2714756,0.26924393
1260,2022-12-14,0.26924393,0.26013863
1261,2022-12-15,0.26013863,0.2393977
1262,2022-12-16,0.2393977,0.24413243
1263,2022-12-17,0.24413243,0.24376722
1264,2022-12-18,0.24376722,0.23982161
1265,2022-12-19,0.23982161,0.25007442
1266,2022-12-20,0.25007442,0.24907213
1267,2022-12-21,0.24907213,0.25021666
1268,2022-12-22,0.25021666,0.25054404
1269,2022-12-23,0.25054404,0.25088626
1270,2022-12-24,0.25088626,0.25024307
1271,2022-12-25,0.25024307,0.25162813
1272,2022-12-26,0.25162813,0.24900034
1273,2022-12-27,0.24900034,0.24411522
1274,2022-12-28,0.24411522,0.24669752
1275,2022-12-29,0.24669752,0.24627952
1276,2022-12-30,0.24627952,0.245782
1277,2022-12-31,0.245782,0.24653287
1278,2023-01-01,0.24653287,0.24950552
1279,2023-01-02,0.24950552,0.24951762
1280,2023-01-03,0.24951762,0.2580897
1281,2023-01-04,0.2580897,0.25704286
1282,2023-01-05,0.25704286,0.26102543
1283,2023-01-06,0.26102543,0.25975624
1284,2023-01-07,0.25975624,0.26396245
1285,2023-01-08,0.26396245,0.27159715
1286,2023-01-09,0.27159715,0.27478734
1287,2023-01-10,0.27478734,0.28536177
1288,2023-01-11,0.28536177,0.2917645
1289,2023-01-12,0.2917645,0.29843986
1290,2023-01-13,0.29843986,0.31989822
1291,2023-01-14,0.31989822,0.31969312
1292,2023-01-15,0.31969312,0.32513967
1293,2023-01-16,0.32513967,0.32346684
1294,2023-01-17,0.32346684,0.31311896
1295,2023-01-18,0.31311896,0.31939164
1296,2023-01-19,0.31939164,0.3421821
1297,2023-01-20,0.3421821,0.33555475
1298,2023-01-21,0.33555475,0.33565572
1299,2023-01-22,0.33565572,0.3357235
1300,2023-01-23,0.3357235,0.32043052
1301,2023-01-24,0.32043052,0.33233076
1302,2023-01-25,0.33233076,0.33019316
1303,2023-01-26,0.33019316,0.3293414
1304,2023-01-27,0.3293414,0.3235141
1305,2023-01-28,0.3235141,0.339188
1306,2023-01-29,0.339188,0.32273632
1307,2023-01-30,0.32273632,0.32680893
1308,2023-01-31,0.32680893,0.33810255
1309,2023-02-01,0.33810255,0.33926532
1310,2023-02-02,0.33926532,0.3432853
1311,2023-02-03,0.3432853,0.34337357
1312,2023-02-04,0.34337357,0.33648464
1313,2023-02-05,0.33648464,0.33323535
1314,2023-02-06,0.33323535,0.34497988
1315,2023-02-07,0.34497988,0.3404266
1316,2023-02-08,0.3404266,0.31853324
1317,2023-02-09,0.31853324,0.31202555
1318,2023-02-10,0.31202555,0.31721908
1319,2023-02-11,0.31721908,0.3115985
1320,2023-02-12,0.3115985,0.3104175
1321,2023-02-13,0.3104175,0.32085285
1322,2023-02-14,0.32085285,0.3450761
1323,2023-02-15,0.3450761,0.33801982
1324,2023-02-16,0.33801982,0.3497169
1325,2023-02-17,0.3497169,0.3485985
1326,2023-02-18,0.3485985,0.3467366
1327,2023-02-19,0.3467366,0.35092586
1328,2023-02-20,0.35092586,0.34154546
1329,2023-02-21,0.34154546,0.33871633
1330,2023-02-22,0.33871633,0.34033743
1331,2023-02-23,0.34033743,0.33155
1332,2023-02-24,0.33155,0.3285237
1333,2023-02-25,0.3285237,0.33792013
1334,2023-02-26,0.33792013,0.33667746
1335,2023-02-27,0.33667746,0.33109447
1336,2023-02-28,0.33109447,0.342878
1337,2023-03-01,0.342878,0.33962953
1338,2023-03-02,0.33962953,0.32330337
1339,2023-03-03,0.32330337,0.3227592
1340,2023-03-04,0.3227592,0.32240498
1341,2023-03-05,0.32240498,0.32292074
1342,2023-03-06,0.32292074,0.32186326
1343,2023-03-07,0.32186326,0.31623268
1344,2023-03-08,0.31623268,0.29624778
1345,2023-03-09,0.29624778,0.2940722
1346,2023-03-10,0.2940722,0.3055863
1347,2023-03-11,0.3055863,0.3269315
1348,2023-03-12,0.3269315,0.3460488
1349,2023-03-13,0.3460488,0.35184464
1350,2023-03-14,0.35184464,0.34103924
1351,2023-03-15,0.34103924,0.34578365
1352,2023-03-16,0.34578365,0.36925608
1353,2023-03-17,0.36925608,0.36287746
1354,2023-03-18,0.36287746,0.37093508
1355,2023-03-19,0.37093508,0.35694468
1356,2023-03-20,0.35694468,0.37258744
1357,2023-03-21,0.37258744,0.35841057
1358,2023-03-22,0.35841057,0.37486884
1359,2023-03-23,0.37486884,0.36092374
1360,2023-03-24,0.36092374,0.35950816
1361,2023-03-25,0.35950816,0.36630285
1362,2023-03-26,0.36630285,0.35393658
1363,2023-03-27,0.35393658,0.36589688
1364,2023-03-28,0.36589688,0.36983022
1365,2023-03-29,0.36983022,0.36968723
1366,2023-03-30,0.36968723,0.37595564
1367,2023-03-31,0.37595564,0.37584642
1368,2023-04-01,0.37584642,0.37029773
1369,2023-04-02,0.37029773,0.37322623
1370,2023-04-03,0.37322623,0.38622037
1371,2023-04-04,0.38622037,0.39417243
1372,2023-04-05,0.39417243,0.3863926
1373,2023-04-06,0.3863926,0.38507918
1374,2023-04-07,0.38507918,0.38164628
1375,2023-04-08,0.38164628,0.38367245
1376,2023-04-09,0.38367245,0.39386642
1377,2023-04-10,0.39386642,0.39062485
1378,2023-04-11,0.39062485,0.39593017
1379,2023-04-12,0.39593017,0.41542107
1380,2023-04-13,0.41542107,0.43406788
1381,2023-04-14,0.43406788,0.43227115
1382,2023-04-15,0.43227115,0.43766135
1383,2023-04-16,0.43766135,0.42891014
1384,2023-04-17,0.42891014,0.4346597
1385,2023-04-18,0.4346597,0.3993981
1386,2023-04-19,0.3993981,0.4014298
1387,2023-04-20,0.4014298,0.3816771
1388,2023-04-21,0.3816771,0.38687795
1389,2023-04-22,0.38687795,0.38443017
1390,2023-04-23,0.38443017,0.38028717
1391,2023-04-24,0.38028717,0.38558763
1392,2023-04-25,0.38558763,0.38514394
1393,2023-04-26,0.38514394,0.39417502
1394,2023-04-27,0.39417502,0.39093852
1395,2023-04-28,0.39093852,0.39349166
1396,2023-04-29,0.39349166,0.38838765
1397,2023-04-30,0.38838765,0.3777749
1398,2023-05-01,0.3777749,0.38597992
1399,2023-05-02,0.38597992,0.3930237
1400,2023-05-03,0.3930237,0.38744277
1401,2023-05-04,0.38744277,0.41180053
1402,2023-05-05,0.41180053,0.3924939
1403,2023-05-06,0.3924939,0.3870447
1404,2023-05-07,0.3870447,0.3818061
1405,2023-05-08,0.3818061,0.3815023
1406,2023-05-09,0.3815023,0.37996057
1407,2023-05-10,0.37996057,0.370747
1408,2023-05-11,0.370747,0.37313467
1409,2023-05-12,0.37313467,0.37074822
1410,2023-05-13,0.37074822,0.3713441
1411,2023-05-14,0.3713441,0.37501153
1412,2023-05-15,0.37501153,0.37628365
1413,2023-05-16,0.37628365,0.3758428
1414,2023-05-17,0.3758428,0.37168244
1415,2023-05-18,0.37168244,0.37380022
1416,2023-05-19,0.37380022,0.37553996
1417,2023-05-20,0.37553996,0.37231165
1418,2023-05-21,0.37231165,0.37510028
1419,2023-05-22,0.37510028,0.3826284
1420,2023-05-23,0.3826284,0.3715002
1421,2023-05-24,0.3715002,0.3726114
1422,2023-05-25,0.3726114,0.3773759
1423,2023-05-26,0.3773759,0.37790242
1424,2023-05-27,0.37790242,0.39504966
1425,2023-05-28,0.39504966,0.39085242
1426,2023-05-29,0.39085242,0.39244136
1427,2023-05-30,0.39244136,0.3867851
1428,2023-05-31,0.3867851,0.3841834
1429,2023-06-01,0.3841834,0.3936621
1430,2023-06-02,0.3936621,0.39045072
1431,2023-06-03,0.39045072,0.39017254
1432,2023-06-04,0.39017254,0.37383708
1433,2023-06-05,0.37383708,0.38851812
1434,2023-06-06,0.38851812,0.37832847
1435,2023-06-07,0.37832847,0.38109702
1436,2023-06-08,0.38109702,0.37984416
1437,2023-06-09,0.37984416,0.36166283
1438,2023-06-10,0.36166283,0.36132774
1439,2023-06-11,0.36132774,0.35926285
1440,2023-06-12,0.35926285,0.358445
1441,2023-06-13,0.358445,0.3405004
1442,2023-06-14,0.3405004,0.3432589
1443,2023-06-15,0.3432589,0.35388467
1444,2023-06-16,0.35388467,0.35628223
1445,2023-06-17,0.35628223,0.35462192
1446,2023-06-18,0.35462192,0.35775536
1447,2023-06-19,0.35775536,0.36953172
1448,2023-06-20,0.36953172,0.39022344
1449,2023-06-21,0.39022344,0.38657007
1450,2023-06-22,0.38657007,0.39024875
1451,2023-06-23,0.39024875,0.38714245
1452,2023-06-24,0.38714245,0.39207697
1453,2023-06-25,0.39207697,0.38384548
1454,2023-06-26,0.38384548,0.39043275
1455,2023-06-27,0.39043275,0.37737888
1456,2023-06-28,0.37737888,0.38242188
1457,2023-06-29,0.38242188,0.39939502
1458,2023-06-30,0.39939502,0.39718974
1459,2023-07-01,0.39718974,0.40012747
1460,2023-07-02,0.40012747,0.40350845
1461,2023-07-03,0.40350845,0.40001097
1462,2023-07-04,0.40001097,0.3944644
1463,2023-07-05,0.3944644,0.38309377
1464,2023-07-06,0.38309377,0.38584676
1465,2023-07-07,0.38584676,0.3848147
1466,2023-07-08,0.3848147,0.38463223
1467,2023-07-09,0.38463223,0.38800272
1468,2023-07-10,0.38800272,0.38766295
1469,2023-07-11,0.38766295,0.38631397
1470,2023-07-12,0.38631397,0.41385278
1471,2023-07-13,0.41385278,0.40022698
1472,2023-07-14,0.40022698,0.3986534
1473,2023-07-15,0.3986534,0.39694488
1474,2023-07-16,0.39694488,0.39487812
1475,2023-07-17,0.39487812,0.39164716
1476,2023-07-18,0.39164716,0.39010325
1477,2023-07-19,0.39010325,0.39033744
1478,2023-07-20,0.39033744,0.39054886
1479,2023-07-21,0.39054886,0.38425666
1480,2023-07-22,0.38425666,0.38977802
1481,2023-07-23,0.38977802,0.38185787
1482,2023-07-24,0.38185787,0.3835551
1483,2023-07-25,0.3835551,0.38610655
1484,2023-07-26,0.38610655,0.38373297
1485,2023-07-27,0.38373297,0.3869989
1486,2023-07-28,0.3869989,0.38826284
1487,2023-07-29,0.38826284,0.3842846
1488,2023-07-30,0.3842846,0.3830933
1489,2023-07-31,0.3830933,0.38639432
1490,2023-08-01,0.38639432,0.37929094
1491,2023-08-02,0.37929094,0.37863693
1492,2023-08-03,0.37863693,0.37716335
1493,2023-08-04,0.37716335,0.37867585
1494,2023-08-05,0.37867585,0.377009
1495,2023-08-06,0.377009,0.37694144
1496,2023-08-07,0.37694144,0.38299337
1497,2023-08-08,0.38299337,0.3827101
1498,2023-08-09,0.3827101,0.38206956
1499,2023-08-10,0.38206956,0.3812454
1500,2023-08-11,0.3812454,0.38155147
1501,2023-08-12,0.38155147,0.37953964
1502,2023-08-13,0.37953964,0.38058847
1503,2023-08-14,0.38058847,0.376944
1504,2023-08-15,0.376944,0.372778
1505,2023-08-16,0.372778,0.34711874
1506,2023-08-17,0.34711874,0.34235787
1507,2023-08-18,0.34235787,0.34397817
1508,2023-08-19,0.34397817,0.34738997
1509,2023-08-20,0.34738997,0.34365335
1510,2023-08-21,0.34365335,0.3367719
1511,2023-08-22,0.3367719,0.34611917
1512,2023-08-23,0.34611917,0.3421634
1513,2023-08-24,0.3421634,0.3408538
1514,2023-08-25,0.3408538,0.33928904
1515,2023-08-26,0.33928904,0.3415797
1516,2023-08-27,0.3415797,0.34079432
1517,2023-08-28,0.34079432,0.3565647
1518,2023-08-29,0.3565647,0.35164315
1519,2023-08-30,0.35164315,0.3392699
1520,2023-08-31,0.3392699,0.3357043
1521,2023-09-01,0.3357043,0.33734074
1522,2023-09-02,0.33734074,0.33723694
1523,2023-09-03,0.33723694,0.3360001
1524,2023-09-04,0.3360001,0.33667544
1525,2023-09-05,0.33667544,0.3364967
1526,2023-09-06,0.3364967,0.33941388
1527,2023-09-07,0.33941388,0.33721235
1528,2023-09-08,0.33721235,0.33700204
1529,2023-09-09,0.33700204,0.33337477
1530,2023-09-10,0.33337477,0.31923857
1531,2023-09-11,0.31923857,0.3284685
1532,2023-09-12,0.3284685,0.33136475
1533,2023-09-13,0.33136475,0.33527178
1534,2023-09-14,0.33527178,0.3387169
1535,2023-09-15,0.3387169,0.33702365
1536,2023-09-16,0.33702365,0.33445728
1537,2023-09-17,0.33445728,0.3374852
1538,2023-09-18,0.3374852,0.33890468
1539,2023-09-19,0.33890468,0.33442664
1540,2023-09-20,0.33442664,0.3264173
1541,2023-09-21,0.3264173,0.3283703
1542,2023-09-22,0.3283703,0.32837456
1543,2023-09-23,0.32837456,0.32567278
1544,2023-09-24,0.32567278,0.32733637
1545,2023-09-25,0.32733637,0.32816592
1546,2023-09-26,0.32816592,0.32917988
1547,2023-09-27,0.32917988,0.3407185
1548,2023-09-28,0.3407185,0.34387612
1549,2023-09-29,0.34387612,0.34451777
1550,2023-09-30,0.34451777,0.35760766
1551,2023-10-01,0.35760766,0.3432811
1552,2023-10-02,0.3432811,0.3415654
1553,2023-10-03,0.3415654,0.33968848
1554,2023-10-04,0.33968848,0.3323223
1555,2023-10-05,0.3323223,0.3392465
1556,2023-10-06,0.3392465,0.336992
1557,2023-10-07,0.336992,0.33675325
1558,2023-10-08,0.33675325,0.32560885
1559,2023-10-09,0.32560885,0.32294875
1560,2023-10-10,0.32294875,0.32230166
1561,2023-10-11,0.32230166,0.31673837
1562,2023-10-12,0.31673837,0.3194981
1563,2023-10-13,0.3194981,0.32041585
1564,2023-10-14,0.32041585,0.32083294
1565,2023-10-15,0.32083294,0.32995972
1566,2023-10-16,0.32995972,0.32254276
1567,2023-10-17,0.32254276,0.32221878
1568,2023-10-18,0.32221878,0.3229365
1569,2023-10-19,0.3229365,0.33064866
1570,2023-10-20,0.33064866,0.3357509
1571,2023-10-21,0.3357509,0.3425929
1572,2023-10-22,0.3425929,0.36408642
1573,2023-10-23,0.36408642,0.36808863
1574,2023-10-24,0.36808863,0.36852688
1575,2023-10-25,0.36852688,0.37226725
1576,2023-10-26,0.37226725,0.3674527
1577,2023-10-27,0.3674527,0.36651623
1578,2023-10-28,0.36651623,0.37053183
1579,2023-10-29,0.37053183,0.3734138
1580,2023-10-30,0.3734138,0.37474948
1581,2023-10-31,0.37474948,0.38091508
1582,2023-11-01,0.38091508,0.37153265
1583,2023-11-02,0.37153265,0.37833112
1584,2023-11-03,0.37833112,0.38319027
1585,2023-11-04,0.38319027,0.39102772
1586,2023-11-05,0.39102772,0.39220268
1587,2023-11-06,0.39220268,0.3897442
1588,2023-11-07,0.3897442,0.39035395
1589,2023-11-08,0.39035395,0.43824807
1590,2023-11-09,0.43824807,0.42954022
1591,2023-11-10,0.42954022,0.42389908
1592,2023-11-11,0.42389908,0.4224732
1593,2023-11-12,0.4224732,0.42532876
1594,2023-11-13,0.42532876,0.40857416
1595,2023-11-14,0.40857416,0.42583364
1596,2023-11-15,0.42583364,0.4051875
1597,2023-11-16,0.4051875,0.4044834
1598,2023-11-17,0.4044834,0.405185
1599,2023-11-18,0.405185,0.41591418
1600,2023-11-19,0.41591418,0.41771227
1601,2023-11-20,0.41771227,0.401178
1602,2023-11-21,0.401178,0.4264451
1603,2023-11-22,0.4264451,0.42594752
1604,2023-11-23,0.42594752,0.42983186
1605,2023-11-24,0.42983186,0.43074632
1606,2023-11-25,0.43074632,0.42637387
1607,2023-11-26,0.42637387,0.41886514
1608,2023-11-27,0.41886514,0.42303014
1609,2023-11-28,0.42303014,0.41884595
1610,2023-11-29,0.41884595,0.42398766
1611,2023-11-30,0.42398766,0.43085155
1612,2023-12-01,0.43085155,0.4474836
1613,2023-12-02,0.4474836,0.45285955
1614,2023-12-03,0.45285955,0.4633915
1615,2023-12-04,0.4633915,0.47487238
1616,2023-12-05,0.47487238,0.4609961
1617,2023-12-06,0.4609961,0.48697537
1618,2023-12-07,0.48697537,0.48781487
1619,2023-12-08,0.48781487,0.4838952
1620,2023-12-09,0.4838952,0.48618624
1621,2023-12-10,0.48618624,0.4592415
1622,2023-12-11,0.4592415,0.45559427
1623,2023-12-12,0.45559427,0.4673534
1624,2023-12-13,0.4673534,0.47885168
1625,2023-12-14,0.47885168,0.45854306
1626,2023-12-15,0.45854306,0.46001276
1627,2023-12-16,0.46001276,0.45430768
1628,2023-12-17,0.45430768,0.4580077
1629,2023-12-18,0.4580077,0.4499842
1630,2023-12-19,0.4499842,0.45440477
1631,2023-12-20,0.45440477,0.46275407
1632,2023-12-21,0.46275407,0.48134568
1633,2023-12-22,0.48134568,0.47748634
1634,2023-12-23,0.47748634,0.46876797
1635,2023-12-24,0.46876797,0.4698704
1636,2023-12-25,0.4698704,0.46121043
1637,2023-12-26,0.46121043,0.49180645
1638,2023-12-27,0.49180645,0.48527634
1639,2023-12-28,0.48527634,0.47538075
1640,2023-12-29,0.47538075,0.47413972
1641,2023-12-30,0.47413972,0.4714303
1642,2023-12-31,0.4714303,0.4858537
1643,2024-01-01,0.4858537,0.4878951
1644,2024-01-02,0.4878951,0.4569414
1645,2024-01-03,0.4569414,0.46974444
1646,2024-01-04,0.46974444,0.46853378
1647,2024-01-05,0.46853378,0.4629467
1648,2024-01-06,0.4629467,0.4592707
1649,2024-01-07,0.4592707,0.48224962
1650,2024-01-08,0.48224962,0.4841524
1651,2024-01-09,0.4841524,0.53470963
1652,2024-01-10,0.53470963,0.5423587
1653,2024-01-11,0.5423587,0.52259684
1654,2024-01-12,0.52259684,0.5329655
1655,2024-01-13,0.5329655,0.5110731
1656,2024-01-14,0.5110731,0.52014595
1657,2024-01-15,0.52014595,0.53541535
1658,2024-01-16,0.53541535,0.5228574
1659,2024-01-17,0.5228574,0.51026905
1660,2024-01-18,0.51026905,0.5149037
1661,2024-01-19,0.5149037,0.5104491
1662,2024-01-20,0.5104491,0.5072607
1663,2024-01-21,0.5072607,0.47717905
1664,2024-01-22,0.47717905,0.4634075
1665,2024-01-23,0.4634075,0.46200332
1666,2024-01-24,0.46200332,0.45849216
1667,2024-01-25,0.45849216,0.46905765
1668,2024-01-26,0.46905765,0.4687655
1669,2024-01-27,0.4687655,0.46651495
1670,2024-01-28,0.46651495,0.47859648
1671,2024-01-29,0.47859648,0.4849456
1672,2024-01-30,0.4849456,0.47201523
1673,2024-01-31,0.47201523,0.47592735
1674,2024-02-01,0.47592735,0.47683433
1675,2024-02-02,0.47683433,0.47446513
1676,2024-02-03,0.47446513,0.47333685
1677,2024-02-04,0.47333685,0.4752506
1678,2024-02-05,0.4752506,0.4909507
1679,2024-02-06,0.4909507,0.50099957
1680,2024-02-07,0.50099957,0.50051856
1681,2024-02-08,0.50051856,0.51468205
1682,2024-02-09,0.51468205,0.51724684
1683,2024-02-10,0.51724684,0.5185399
1684,2024-02-11,0.5185399,0.5501739
1685,2024-02-12,0.5501739,0.54684234
1686,2024-02-13,0.54684234,0.57502073
1687,2024-02-14,0.57502073,0.5845071
1688,2024-02-15,0.5845071,0.58069855
1689,2024-02-16,0.58069855,0.57675385
1690,2024-02-17,0.57675385,0.5960353
1691,2024-02-18,0.5960353,0.6093085
1692,2024-02-19,0.6093085,0.6242368
1693,2024-02-20,0.6242368,0.6152444
1694,2024-02-21,0.6152444,0.6150021
1695,2024-02-22,0.6150021,0.60498667
1696,2024-02-23,0.60498667,0.61952615
1697,2024-02-24,0.61952615,0.6443773
1698,2024-02-25,0.6443773,0.6585826
1699,2024-02-26,0.6585826,0.6718531
1700,2024-02-27,0.6718531,0.70060766
1701,2024-02-28,0.70060766,0.71808356
